식별번호,NC,OS,P,S,TS,해당되는 등급
ISM-0009,Y,Y,Y,Y,Y,"NC, OS, P, S, TS"
ISM-0027,Y,Y,Y,Y,,"NC, OS, P, S"
ISM-0039,Y,Y,Y,Y,Y,"NC, OS, P, S, TS"
ISM-0041,Y,Y,Y,Y,Y,"NC, OS, P, S, TS"
ISM-0042,Y,Y,Y,Y,Y,"NC, OS, P, S, TS"
ISM-0043,Y,Y,Y,Y,Y,"NC, OS, P, S, TS"
ISM-0047,Y,Y,Y,Y,Y,"NC, OS, P, S, TS"
ISM-0072,Y,Y,Y,Y,Y,"NC, OS, P, S, TS"
ISM-0078,,,,Y,Y,"S, TS"
ISM-0100,Y,Y,Y,Y,,"NC, OS, P, S"
ISM-0109,Y,Y,Y,Y,Y,"NC, OS, P, S, TS"
ISM-0120,Y,Y,Y,Y,Y,"NC, OS, P, S, TS"
ISM-0123,Y,Y,Y,Y,Y,"NC, OS, P, S, TS"
ISM-0125,Y,Y,Y,Y,Y,"NC, OS, P, S, TS"
ISM-0133,Y,Y,Y,Y,Y,"NC, OS, P, S, TS"
ISM-0137,Y,Y,Y,Y,Y,"NC, OS, P, S, TS"
ISM-0138,Y,Y,Y,Y,Y,"NC, OS, P, S, TS"
ISM-0140,Y,Y,Y,Y,Y,"NC, OS, P, S, TS"
ISM-0141,Y,Y,Y,Y,Y,"NC, OS, P, S, TS"
ISM-0142,Y,Y,Y,Y,Y,"NC, OS, P, S, TS"
ISM-0161,Y,Y,Y,Y,Y,"NC, OS, P, S, TS"
ISM-0164,Y,Y,Y,Y,Y,"NC, OS, P, S, TS"
ISM-0181,Y,Y,Y,Y,Y,"NC, OS, P, S, TS"
ISM-0187,,,,Y,,S
ISM-0194,,,,,Y,TS
ISM-0195,,,,,Y,TS
ISM-0198,,,,,Y,TS
ISM-0201,,,,,Y,TS
ISM-0206,Y,Y,Y,Y,Y,"NC, OS, P, S, TS"
ISM-0208,Y,Y,Y,Y,Y,"NC, OS, P, S, TS"
ISM-0211,Y,Y,Y,Y,Y,"NC, OS, P, S, TS"
ISM-0213,,,,Y,Y,"S, TS"
ISM-0216,,,,,Y,TS
ISM-0217,,,,,Y,TS
ISM-0218,,,,,Y,TS
ISM-0225,,,,Y,Y,"S, TS"
ISM-0229,Y,Y,Y,Y,Y,"NC, OS, P, S, TS"
ISM-0230,Y,Y,Y,Y,Y,"NC, OS, P, S, TS"
ISM-0231,Y,Y,Y,Y,Y,"NC, OS, P, S, TS"
ISM-0232,Y,Y,Y,Y,Y,"NC, OS, P, S, TS"
ISM-0233,Y,Y,Y,Y,Y,"NC, OS, P, S, TS"
ISM-0235,Y,Y,Y,Y,Y,"NC, OS, P, S, TS"
ISM-0236,Y,Y,Y,Y,Y,"NC, OS, P, S, TS"
ISM-0240,Y,Y,Y,Y,Y,"NC, OS, P, S, TS"
ISM-0245,Y,Y,Y,Y,Y,"NC, OS, P, S, TS"
ISM-0246,,,,Y,Y,"S, TS"
ISM-0249,,,,Y,Y,"S, TS"
ISM-0250,Y,Y,Y,Y,Y,"NC, OS, P, S, TS"
ISM-0252,Y,Y,Y,Y,Y,"NC, OS, P, S, TS"
ISM-0258,Y,Y,Y,Y,Y,"NC, OS, P, S, TS"
ISM-0260,Y,Y,Y,Y,Y,"NC, OS, P, S, TS"
ISM-0261,Y,Y,Y,Y,Y,"NC, OS, P, S, TS"
ISM-0263,Y,Y,Y,Y,Y,"NC, OS, P, S, TS"
ISM-0264,Y,Y,Y,Y,Y,"NC, OS, P, S, TS"
ISM-0267,Y,Y,Y,Y,Y,"NC, OS, P, S, TS"
ISM-0269,,,,Y,Y,"S, TS"
ISM-0270,Y,Y,Y,Y,Y,"NC, OS, P, S, TS"
ISM-0271,Y,Y,Y,Y,Y,"NC, OS, P, S, TS"
ISM-0272,Y,Y,Y,Y,Y,"NC, OS, P, S, TS"
ISM-0280,Y,Y,Y,Y,Y,"NC, OS, P, S, TS"
ISM-0285,Y,Y,Y,Y,Y,"NC, OS, P, S, TS"
ISM-0286,,,,Y,Y,"S, TS"
ISM-0289,Y,Y,Y,Y,Y,"NC, OS, P, S, TS"
ISM-0290,,,,Y,Y,"S, TS"
ISM-0293,Y,Y,Y,Y,Y,"NC, OS, P, S, TS"
ISM-0294,Y,Y,Y,Y,Y,"NC, OS, P, S, TS"
ISM-0296,,,,Y,Y,"S, TS"
ISM-0298,Y,Y,Y,Y,Y,"NC, OS, P, S, TS"
ISM-0300,,,,Y,Y,"S, TS"
ISM-0304,Y,Y,Y,Y,Y,"NC, OS, P, S, TS"
ISM-0305,Y,Y,Y,Y,Y,"NC, OS, P, S, TS"
ISM-0306,Y,Y,Y,Y,Y,"NC, OS, P, S, TS"
ISM-0307,Y,Y,Y,Y,Y,"NC, OS, P, S, TS"
ISM-0310,Y,Y,Y,Y,Y,"NC, OS, P, S, TS"
ISM-0311,Y,Y,Y,Y,Y,"NC, OS, P, S, TS"
ISM-0312,,,,Y,Y,"S, TS"
ISM-0313,Y,Y,Y,Y,Y,"NC, OS, P, S, TS"
ISM-0315,,,,Y,Y,"S, TS"
ISM-0316,Y,Y,Y,Y,Y,"NC, OS, P, S, TS"
ISM-0317,Y,Y,Y,Y,Y,"NC, OS, P, S, TS"
ISM-0318,Y,Y,Y,Y,Y,"NC, OS, P, S, TS"
ISM-0321,,,,Y,Y,"S, TS"
ISM-0323,Y,Y,Y,Y,Y,"NC, OS, P, S, TS"
ISM-0325,Y,Y,Y,Y,Y,"NC, OS, P, S, TS"
ISM-0330,Y,Y,Y,Y,Y,"NC, OS, P, S, TS"
ISM-0332,Y,Y,Y,Y,Y,"NC, OS, P, S, TS"
ISM-0336,Y,Y,Y,Y,Y,"NC, OS, P, S, TS"
ISM-0337,Y,Y,Y,Y,Y,"NC, OS, P, S, TS"
ISM-0341,Y,Y,Y,Y,Y,"NC, OS, P, S, TS"
ISM-0343,Y,Y,Y,Y,Y,"NC, OS, P, S, TS"
ISM-0345,Y,Y,Y,Y,Y,"NC, OS, P, S, TS"
ISM-0347,Y,Y,Y,Y,Y,"NC, OS, P, S, TS"
ISM-0348,Y,Y,Y,Y,Y,"NC, OS, P, S, TS"
ISM-0350,Y,Y,Y,Y,Y,"NC, OS, P, S, TS"
ISM-0351,Y,Y,Y,Y,Y,"NC, OS, P, S, TS"
ISM-0352,,,,Y,Y,"S, TS"
ISM-0354,Y,Y,Y,Y,Y,"NC, OS, P, S, TS"
ISM-0356,,,,Y,Y,"S, TS"
ISM-0357,Y,Y,Y,Y,Y,"NC, OS, P, S, TS"
ISM-0358,,,,Y,Y,"S, TS"
ISM-0359,Y,Y,Y,Y,Y,"NC, OS, P, S, TS"
ISM-0360,,,,Y,Y,"S, TS"
ISM-0361,Y,Y,Y,Y,Y,"NC, OS, P, S, TS"
ISM-0362,Y,Y,Y,Y,Y,"NC, OS, P, S, TS"
ISM-0363,Y,Y,Y,Y,Y,"NC, OS, P, S, TS"
ISM-0368,Y,Y,Y,Y,Y,"NC, OS, P, S, TS"
ISM-0370,Y,Y,Y,Y,Y,"NC, OS, P, S, TS"
ISM-0371,Y,Y,Y,Y,Y,"NC, OS, P, S, TS"
ISM-0372,Y,Y,Y,Y,Y,"NC, OS, P, S, TS"
ISM-0373,Y,Y,Y,Y,Y,"NC, OS, P, S, TS"
ISM-0374,Y,Y,Y,Y,Y,"NC, OS, P, S, TS"
ISM-0375,Y,Y,Y,Y,Y,"NC, OS, P, S, TS"
ISM-0378,Y,Y,Y,Y,Y,"NC, OS, P, S, TS"
ISM-0380,Y,Y,Y,Y,Y,"NC, OS, P, S, TS"
ISM-0382,Y,Y,Y,Y,Y,"NC, OS, P, S, TS"
ISM-0383,Y,Y,Y,Y,Y,"NC, OS, P, S, TS"
ISM-0385,Y,Y,Y,Y,Y,"NC, OS, P, S, TS"
ISM-0393,Y,Y,Y,Y,Y,"NC, OS, P, S, TS"
ISM-0400,Y,Y,Y,Y,Y,"NC, OS, P, S, TS"
ISM-0401,Y,Y,Y,Y,Y,"NC, OS, P, S, TS"
ISM-0402,Y,Y,Y,Y,Y,"NC, OS, P, S, TS"
ISM-0405,Y,Y,Y,Y,Y,"NC, OS, P, S, TS"
ISM-0407,Y,Y,Y,Y,Y,"NC, OS, P, S, TS"
ISM-0408,Y,Y,Y,Y,Y,"NC, OS, P, S, TS"
ISM-0409,,,,Y,Y,"S, TS"
ISM-0411,,,,Y,Y,"S, TS"
ISM-0414,Y,Y,Y,Y,Y,"NC, OS, P, S, TS"
ISM-0415,Y,Y,Y,Y,Y,"NC, OS, P, S, TS"
ISM-0417,Y,Y,Y,Y,Y,"NC, OS, P, S, TS"
ISM-0418,Y,Y,Y,Y,Y,"NC, OS, P, S, TS"
ISM-0420,,,,Y,Y,"S, TS"
ISM-0421,Y,Y,Y,,,"NC, OS, P"
ISM-0422,,,,,Y,TS
ISM-0428,Y,Y,Y,Y,Y,"NC, OS, P, S, TS"
ISM-0430,Y,Y,Y,Y,Y,"NC, OS, P, S, TS"
ISM-0432,Y,Y,Y,Y,Y,"NC, OS, P, S, TS"
ISM-0434,Y,Y,Y,Y,Y,"NC, OS, P, S, TS"
ISM-0435,Y,Y,Y,Y,Y,"NC, OS, P, S, TS"
ISM-0441,Y,Y,Y,Y,Y,"NC, OS, P, S, TS"
ISM-0443,,,,Y,Y,"S, TS"
ISM-0445,Y,Y,Y,Y,Y,"NC, OS, P, S, TS"
ISM-0446,,,,Y,Y,"S, TS"
ISM-0447,,,,Y,Y,"S, TS"
ISM-0455,Y,Y,Y,Y,Y,"NC, OS, P, S, TS"
ISM-0457,,Y,Y,,,"OS, P"
ISM-0459,Y,Y,Y,Y,Y,"NC, OS, P, S, TS"
ISM-0460,,,,Y,Y,"S, TS"
ISM-0462,Y,Y,Y,Y,Y,"NC, OS, P, S, TS"
ISM-0465,,Y,Y,,,"OS, P"
ISM-0467,,,,Y,Y,"S, TS"
ISM-0469,Y,Y,Y,Y,Y,"NC, OS, P, S, TS"
ISM-0471,Y,Y,Y,Y,Y,"NC, OS, P, S, TS"
ISM-0472,Y,Y,Y,,,"NC, OS, P"
ISM-0474,Y,Y,Y,,,"NC, OS, P"
ISM-0475,Y,Y,Y,,,"NC, OS, P"
ISM-0476,Y,Y,Y,,,"NC, OS, P"
ISM-0477,Y,Y,Y,Y,Y,"NC, OS, P, S, TS"
ISM-0479,Y,Y,Y,Y,Y,"NC, OS, P, S, TS"
ISM-0481,Y,Y,Y,Y,Y,"NC, OS, P, S, TS"
ISM-0484,Y,Y,Y,Y,Y,"NC, OS, P, S, TS"
ISM-0485,Y,Y,Y,Y,Y,"NC, OS, P, S, TS"
ISM-0487,Y,Y,Y,Y,Y,"NC, OS, P, S, TS"
ISM-0488,Y,Y,Y,Y,Y,"NC, OS, P, S, TS"
ISM-0489,Y,Y,Y,Y,Y,"NC, OS, P, S, TS"
ISM-0490,Y,Y,Y,Y,Y,"NC, OS, P, S, TS"
ISM-0494,Y,Y,Y,Y,Y,"NC, OS, P, S, TS"
ISM-0496,Y,Y,Y,Y,Y,"NC, OS, P, S, TS"
ISM-0498,Y,Y,Y,Y,Y,"NC, OS, P, S, TS"
ISM-0499,,,,Y,Y,"S, TS"
ISM-0501,Y,Y,Y,Y,Y,"NC, OS, P, S, TS"
ISM-0507,Y,Y,Y,Y,Y,"NC, OS, P, S, TS"
ISM-0516,Y,Y,Y,Y,Y,"NC, OS, P, S, TS"
ISM-0518,Y,Y,Y,Y,Y,"NC, OS, P, S, TS"
ISM-0520,Y,Y,Y,Y,Y,"NC, OS, P, S, TS"
ISM-0529,Y,Y,Y,Y,Y,"NC, OS, P, S, TS"
ISM-0530,Y,Y,Y,Y,Y,"NC, OS, P, S, TS"
ISM-0534,Y,Y,Y,Y,Y,"NC, OS, P, S, TS"
ISM-0535,Y,Y,Y,Y,Y,"NC, OS, P, S, TS"
ISM-0536,Y,Y,Y,Y,Y,"NC, OS, P, S, TS"
ISM-0546,Y,Y,Y,Y,Y,"NC, OS, P, S, TS"
ISM-0547,Y,Y,Y,Y,Y,"NC, OS, P, S, TS"
ISM-0548,Y,Y,Y,Y,Y,"NC, OS, P, S, TS"
ISM-0549,Y,Y,Y,Y,Y,"NC, OS, P, S, TS"
ISM-0551,Y,Y,Y,Y,Y,"NC, OS, P, S, TS"
ISM-0553,Y,Y,Y,Y,Y,"NC, OS, P, S, TS"
ISM-0554,Y,Y,Y,Y,Y,"NC, OS, P, S, TS"
ISM-0555,Y,Y,Y,Y,Y,"NC, OS, P, S, TS"
ISM-0556,Y,Y,Y,Y,Y,"NC, OS, P, S, TS"
ISM-0558,Y,Y,Y,Y,Y,"NC, OS, P, S, TS"
ISM-0559,Y,Y,Y,,,"NC, OS, P"
ISM-0565,Y,Y,Y,Y,Y,"NC, OS, P, S, TS"
ISM-0567,Y,Y,Y,Y,Y,"NC, OS, P, S, TS"
ISM-0569,Y,Y,Y,Y,Y,"NC, OS, P, S, TS"
ISM-0570,Y,Y,Y,Y,Y,"NC, OS, P, S, TS"
ISM-0571,Y,Y,Y,Y,Y,"NC, OS, P, S, TS"
ISM-0572,Y,Y,Y,Y,Y,"NC, OS, P, S, TS"
ISM-0574,Y,Y,Y,Y,Y,"NC, OS, P, S, TS"
ISM-0576,Y,Y,Y,Y,Y,"NC, OS, P, S, TS"
ISM-0580,Y,Y,Y,Y,Y,"NC, OS, P, S, TS"
ISM-0582,Y,Y,Y,Y,Y,"NC, OS, P, S, TS"
ISM-0585,Y,Y,Y,Y,Y,"NC, OS, P, S, TS"
ISM-0588,Y,Y,Y,Y,Y,"NC, OS, P, S, TS"
ISM-0589,Y,Y,Y,Y,Y,"NC, OS, P, S, TS"
ISM-0590,Y,Y,Y,Y,Y,"NC, OS, P, S, TS"
ISM-0591,Y,Y,Y,Y,Y,"NC, OS, P, S, TS"
ISM-0597,,,,Y,Y,"S, TS"
ISM-0610,,,,Y,Y,"S, TS"
ISM-0611,Y,Y,Y,Y,Y,"NC, OS, P, S, TS"
ISM-0612,Y,Y,Y,Y,Y,"NC, OS, P, S, TS"
ISM-0613,,,,Y,Y,"S, TS"
ISM-0616,Y,Y,Y,Y,Y,"NC, OS, P, S, TS"
ISM-0619,Y,Y,Y,Y,Y,"NC, OS, P, S, TS"
ISM-0622,Y,Y,Y,Y,Y,"NC, OS, P, S, TS"
ISM-0626,,,,Y,Y,"S, TS"
ISM-0628,Y,Y,Y,Y,Y,"NC, OS, P, S, TS"
ISM-0629,Y,Y,Y,Y,Y,"NC, OS, P, S, TS"
ISM-0631,Y,Y,Y,Y,Y,"NC, OS, P, S, TS"
ISM-0634,Y,Y,Y,Y,Y,"NC, OS, P, S, TS"
ISM-0635,,,,Y,Y,"S, TS"
ISM-0637,Y,Y,Y,Y,Y,"NC, OS, P, S, TS"
ISM-0639,Y,Y,Y,Y,Y,"NC, OS, P, S, TS"
ISM-0643,Y,Y,Y,Y,Y,"NC, OS, P, S, TS"
ISM-0645,,,,Y,Y,"S, TS"
ISM-0649,Y,Y,Y,Y,Y,"NC, OS, P, S, TS"
ISM-0651,Y,Y,Y,Y,Y,"NC, OS, P, S, TS"
ISM-0652,Y,Y,Y,Y,Y,"NC, OS, P, S, TS"
ISM-0657,Y,Y,Y,Y,Y,"NC, OS, P, S, TS"
ISM-0659,Y,Y,Y,Y,Y,"NC, OS, P, S, TS"
ISM-0660,,,,Y,Y,"S, TS"
ISM-0661,Y,Y,Y,Y,Y,"NC, OS, P, S, TS"
ISM-0663,Y,Y,Y,Y,Y,"NC, OS, P, S, TS"
ISM-0664,,,,Y,Y,"S, TS"
ISM-0665,,,,Y,Y,"S, TS"
ISM-0669,,,,Y,Y,"S, TS"
ISM-0670,,,,Y,Y,"S, TS"
ISM-0675,,,,Y,Y,"S, TS"
ISM-0677,Y,Y,Y,Y,Y,"NC, OS, P, S, TS"
ISM-0682,,,,Y,Y,"S, TS"
ISM-0687,,,,Y,Y,"S, TS"
ISM-0694,,,,Y,Y,"S, TS"
ISM-0701,Y,Y,Y,Y,Y,"NC, OS, P, S, TS"
ISM-0702,,,,Y,Y,"S, TS"
ISM-0705,Y,Y,Y,Y,Y,"NC, OS, P, S, TS"
ISM-0714,Y,Y,Y,Y,Y,"NC, OS, P, S, TS"
ISM-0717,Y,Y,Y,Y,Y,"NC, OS, P, S, TS"
ISM-0718,Y,Y,Y,Y,Y,"NC, OS, P, S, TS"
ISM-0720,Y,Y,Y,Y,Y,"NC, OS, P, S, TS"
ISM-0724,Y,Y,Y,Y,Y,"NC, OS, P, S, TS"
ISM-0725,Y,Y,Y,Y,Y,"NC, OS, P, S, TS"
ISM-0726,Y,Y,Y,Y,Y,"NC, OS, P, S, TS"
ISM-0731,Y,Y,Y,Y,Y,"NC, OS, P, S, TS"
ISM-0732,Y,Y,Y,Y,Y,"NC, OS, P, S, TS"
ISM-0733,Y,Y,Y,Y,Y,"NC, OS, P, S, TS"
ISM-0734,Y,Y,Y,Y,Y,"NC, OS, P, S, TS"
ISM-0735,Y,Y,Y,Y,Y,"NC, OS, P, S, TS"
ISM-0810,,Y,Y,Y,Y,"OS, P, S, TS"
ISM-0813,Y,Y,Y,Y,Y,"NC, OS, P, S, TS"
ISM-0817,Y,Y,Y,Y,Y,"NC, OS, P, S, TS"
ISM-0820,Y,Y,Y,Y,Y,"NC, OS, P, S, TS"
ISM-0821,Y,Y,Y,Y,Y,"NC, OS, P, S, TS"
ISM-0824,Y,Y,Y,Y,Y,"NC, OS, P, S, TS"
ISM-0829,,,,Y,Y,"S, TS"
ISM-0831,Y,Y,Y,Y,Y,"NC, OS, P, S, TS"
ISM-0835,,,,,Y,TS
ISM-0836,Y,Y,Y,Y,Y,"NC, OS, P, S, TS"
ISM-0839,,Y,Y,Y,Y,"OS, P, S, TS"
ISM-0840,,Y,Y,Y,,"OS, P, S"
ISM-0843,Y,Y,Y,Y,Y,"NC, OS, P, S, TS"
ISM-0846,Y,Y,Y,Y,Y,"NC, OS, P, S, TS"
ISM-0853,Y,Y,Y,Y,Y,"NC, OS, P, S, TS"
ISM-0854,,,,Y,Y,"S, TS"
ISM-0861,Y,Y,Y,Y,Y,"NC, OS, P, S, TS"
ISM-0863,Y,Y,Y,Y,Y,"NC, OS, P, S, TS"
ISM-0864,Y,Y,Y,Y,Y,"NC, OS, P, S, TS"
ISM-0866,Y,Y,Y,Y,Y,"NC, OS, P, S, TS"
ISM-0869,Y,Y,Y,Y,Y,"NC, OS, P, S, TS"
ISM-0870,Y,Y,Y,Y,Y,"NC, OS, P, S, TS"
ISM-0871,Y,Y,Y,Y,Y,"NC, OS, P, S, TS"
ISM-0874,Y,Y,Y,Y,Y,"NC, OS, P, S, TS"
ISM-0888,Y,Y,Y,Y,Y,"NC, OS, P, S, TS"
ISM-0912,Y,Y,Y,Y,Y,"NC, OS, P, S, TS"
ISM-0917,Y,Y,Y,Y,Y,"NC, OS, P, S, TS"
ISM-0926,Y,Y,Y,,,"NC, OS, P"
ISM-0931,Y,Y,Y,Y,Y,"NC, OS, P, S, TS"
ISM-0938,Y,Y,Y,Y,Y,"NC, OS, P, S, TS"
ISM-0947,Y,Y,Y,Y,Y,"NC, OS, P, S, TS"
ISM-0955,Y,Y,Y,Y,Y,"NC, OS, P, S, TS"
ISM-0958,Y,Y,Y,Y,Y,"NC, OS, P, S, TS"
ISM-0961,Y,Y,Y,Y,Y,"NC, OS, P, S, TS"
ISM-0963,Y,Y,Y,Y,Y,"NC, OS, P, S, TS"
ISM-0971,Y,Y,Y,Y,Y,"NC, OS, P, S, TS"
ISM-0974,Y,Y,Y,Y,Y,"NC, OS, P, S, TS"
ISM-0988,Y,Y,Y,Y,Y,"NC, OS, P, S, TS"
ISM-0994,Y,Y,Y,Y,Y,"NC, OS, P, S, TS"
ISM-0998,Y,Y,Y,Y,Y,"NC, OS, P, S, TS"
ISM-0999,Y,Y,Y,Y,Y,"NC, OS, P, S, TS"
ISM-1000,Y,Y,Y,Y,Y,"NC, OS, P, S, TS"
ISM-1006,Y,Y,Y,Y,Y,"NC, OS, P, S, TS"
ISM-1013,,,,Y,Y,"S, TS"
ISM-1014,,,,Y,Y,"S, TS"
ISM-1019,Y,Y,Y,Y,Y,"NC, OS, P, S, TS"
ISM-1023,Y,Y,Y,Y,Y,"NC, OS, P, S, TS"
ISM-1024,Y,Y,Y,Y,Y,"NC, OS, P, S, TS"
ISM-1026,Y,Y,Y,Y,Y,"NC, OS, P, S, TS"
ISM-1027,Y,Y,Y,Y,Y,"NC, OS, P, S, TS"
ISM-1028,Y,Y,Y,Y,Y,"NC, OS, P, S, TS"
ISM-1030,Y,Y,Y,Y,Y,"NC, OS, P, S, TS"
ISM-1034,Y,Y,Y,Y,Y,"NC, OS, P, S, TS"
ISM-1036,Y,Y,Y,Y,Y,"NC, OS, P, S, TS"
ISM-1037,Y,Y,Y,Y,Y,"NC, OS, P, S, TS"
ISM-1053,,Y,Y,Y,Y,"OS, P, S, TS"
ISM-1055,Y,Y,Y,Y,Y,"NC, OS, P, S, TS"
ISM-1059,Y,Y,Y,Y,Y,"NC, OS, P, S, TS"
ISM-1065,Y,Y,Y,Y,Y,"NC, OS, P, S, TS"
ISM-1067,Y,Y,Y,Y,Y,"NC, OS, P, S, TS"
ISM-1071,Y,Y,Y,Y,Y,"NC, OS, P, S, TS"
ISM-1073,Y,Y,Y,Y,Y,"NC, OS, P, S, TS"
ISM-1074,Y,Y,Y,Y,Y,"NC, OS, P, S, TS"
ISM-1076,Y,Y,Y,Y,Y,"NC, OS, P, S, TS"
ISM-1078,Y,Y,Y,Y,Y,"NC, OS, P, S, TS"
ISM-1079,,,,Y,Y,"S, TS"
ISM-1080,Y,Y,Y,Y,Y,"NC, OS, P, S, TS"
ISM-1082,Y,Y,Y,Y,Y,"NC, OS, P, S, TS"
ISM-1083,Y,Y,Y,Y,Y,"NC, OS, P, S, TS"
ISM-1084,Y,Y,Y,Y,Y,"NC, OS, P, S, TS"
ISM-1085,Y,Y,Y,Y,Y,"NC, OS, P, S, TS"
ISM-1088,Y,Y,Y,Y,Y,"NC, OS, P, S, TS"
ISM-1089,Y,Y,Y,Y,Y,"NC, OS, P, S, TS"
ISM-1091,Y,Y,Y,Y,Y,"NC, OS, P, S, TS"
ISM-1095,Y,Y,Y,Y,Y,"NC, OS, P, S, TS"
ISM-1096,Y,Y,Y,Y,Y,"NC, OS, P, S, TS"
ISM-1098,,,,Y,,S
ISM-1100,,,,,Y,TS
ISM-1101,Y,Y,Y,Y,Y,"NC, OS, P, S, TS"
ISM-1102,Y,Y,Y,Y,Y,"NC, OS, P, S, TS"
ISM-1103,Y,Y,Y,Y,Y,"NC, OS, P, S, TS"
ISM-1105,,,,Y,Y,"S, TS"
ISM-1107,Y,Y,Y,,,"NC, OS, P"
ISM-1109,Y,Y,Y,Y,Y,"NC, OS, P, S, TS"
ISM-1111,Y,Y,Y,Y,Y,"NC, OS, P, S, TS"
ISM-1112,Y,Y,Y,Y,,"NC, OS, P, S"
ISM-1114,Y,Y,Y,Y,Y,"NC, OS, P, S, TS"
ISM-1115,Y,Y,Y,Y,Y,"NC, OS, P, S, TS"
ISM-1116,,,,,Y,TS
ISM-1119,Y,Y,Y,Y,Y,"NC, OS, P, S, TS"
ISM-1122,,,,,Y,TS
ISM-1123,,,,,Y,TS
ISM-1130,Y,Y,Y,Y,Y,"NC, OS, P, S, TS"
ISM-1133,,,,,Y,TS
ISM-1137,,,,Y,Y,"S, TS"
ISM-1139,Y,Y,Y,Y,Y,"NC, OS, P, S, TS"
ISM-1143,Y,Y,Y,Y,Y,"NC, OS, P, S, TS"
ISM-1145,,,,Y,Y,"S, TS"
ISM-1146,Y,Y,Y,Y,Y,"NC, OS, P, S, TS"
ISM-1151,Y,Y,Y,Y,Y,"NC, OS, P, S, TS"
ISM-1157,Y,Y,Y,Y,Y,"NC, OS, P, S, TS"
ISM-1158,,,,Y,Y,"S, TS"
ISM-1160,Y,Y,Y,Y,Y,"NC, OS, P, S, TS"
ISM-1163,Y,Y,Y,Y,Y,"NC, OS, P, S, TS"
ISM-1164,Y,Y,Y,Y,Y,"NC, OS, P, S, TS"
ISM-1171,Y,Y,Y,Y,Y,"NC, OS, P, S, TS"
ISM-1173,Y,Y,Y,Y,Y,"NC, OS, P, S, TS"
ISM-1175,Y,Y,Y,Y,Y,"NC, OS, P, S, TS"
ISM-1178,Y,Y,Y,Y,Y,"NC, OS, P, S, TS"
ISM-1181,Y,Y,Y,Y,Y,"NC, OS, P, S, TS"
ISM-1182,Y,Y,Y,Y,Y,"NC, OS, P, S, TS"
ISM-1183,Y,Y,Y,Y,Y,"NC, OS, P, S, TS"
ISM-1186,Y,Y,Y,Y,Y,"NC, OS, P, S, TS"
ISM-1187,Y,Y,Y,Y,Y,"NC, OS, P, S, TS"
ISM-1192,Y,Y,Y,Y,Y,"NC, OS, P, S, TS"
ISM-1195,Y,Y,Y,Y,Y,"NC, OS, P, S, TS"
ISM-1196,Y,Y,Y,,,"NC, OS, P"
ISM-1198,Y,Y,Y,,,"NC, OS, P"
ISM-1199,Y,Y,Y,,,"NC, OS, P"
ISM-1200,Y,Y,Y,,,"NC, OS, P"
ISM-1203,Y,Y,Y,Y,Y,"NC, OS, P, S, TS"
ISM-1211,Y,Y,Y,Y,Y,"NC, OS, P, S, TS"
ISM-1213,Y,Y,Y,Y,Y,"NC, OS, P, S, TS"
ISM-1216,,,,Y,Y,"S, TS"
ISM-1217,Y,Y,Y,Y,Y,"NC, OS, P, S, TS"
ISM-1218,,,,Y,Y,"S, TS"
ISM-1219,Y,Y,Y,Y,Y,"NC, OS, P, S, TS"
ISM-1220,Y,Y,Y,Y,Y,"NC, OS, P, S, TS"
ISM-1221,Y,Y,Y,Y,Y,"NC, OS, P, S, TS"
ISM-1222,Y,Y,Y,Y,Y,"NC, OS, P, S, TS"
ISM-1223,Y,Y,Y,Y,Y,"NC, OS, P, S, TS"
ISM-1227,Y,Y,Y,Y,Y,"NC, OS, P, S, TS"
ISM-1228,Y,Y,Y,Y,Y,"NC, OS, P, S, TS"
ISM-1233,Y,Y,Y,Y,Y,"NC, OS, P, S, TS"
ISM-1234,Y,Y,Y,Y,Y,"NC, OS, P, S, TS"
ISM-1235,Y,Y,Y,Y,Y,"NC, OS, P, S, TS"
ISM-1236,Y,Y,Y,Y,Y,"NC, OS, P, S, TS"
ISM-1237,Y,Y,Y,Y,Y,"NC, OS, P, S, TS"
ISM-1238,Y,Y,Y,Y,Y,"NC, OS, P, S, TS"
ISM-1239,Y,Y,Y,Y,Y,"NC, OS, P, S, TS"
ISM-1240,Y,Y,Y,Y,Y,"NC, OS, P, S, TS"
ISM-1241,Y,Y,Y,Y,Y,"NC, OS, P, S, TS"
ISM-1243,Y,Y,Y,Y,Y,"NC, OS, P, S, TS"
ISM-1245,Y,Y,Y,Y,Y,"NC, OS, P, S, TS"
ISM-1246,Y,Y,Y,Y,Y,"NC, OS, P, S, TS"
ISM-1247,Y,Y,Y,Y,Y,"NC, OS, P, S, TS"
ISM-1249,Y,Y,Y,Y,Y,"NC, OS, P, S, TS"
ISM-1250,Y,Y,Y,Y,Y,"NC, OS, P, S, TS"
ISM-1255,Y,Y,Y,Y,Y,"NC, OS, P, S, TS"
ISM-1256,Y,Y,Y,Y,Y,"NC, OS, P, S, TS"
ISM-1260,Y,Y,Y,Y,Y,"NC, OS, P, S, TS"
ISM-1263,Y,Y,Y,Y,Y,"NC, OS, P, S, TS"
ISM-1268,Y,Y,Y,Y,Y,"NC, OS, P, S, TS"
ISM-1269,Y,Y,Y,Y,Y,"NC, OS, P, S, TS"
ISM-1270,Y,Y,Y,Y,Y,"NC, OS, P, S, TS"
ISM-1271,Y,Y,Y,Y,Y,"NC, OS, P, S, TS"
ISM-1272,Y,Y,Y,Y,Y,"NC, OS, P, S, TS"
ISM-1273,Y,Y,Y,Y,Y,"NC, OS, P, S, TS"
ISM-1274,Y,Y,Y,Y,Y,"NC, OS, P, S, TS"
ISM-1275,Y,Y,Y,Y,Y,"NC, OS, P, S, TS"
ISM-1276,Y,Y,Y,Y,Y,"NC, OS, P, S, TS"
ISM-1277,Y,Y,Y,Y,Y,"NC, OS, P, S, TS"
ISM-1278,Y,Y,Y,Y,Y,"NC, OS, P, S, TS"
ISM-1284,Y,Y,Y,Y,Y,"NC, OS, P, S, TS"
ISM-1286,Y,Y,Y,Y,Y,"NC, OS, P, S, TS"
ISM-1287,Y,Y,Y,Y,Y,"NC, OS, P, S, TS"
ISM-1288,Y,Y,Y,Y,Y,"NC, OS, P, S, TS"
ISM-1289,Y,Y,Y,Y,Y,"NC, OS, P, S, TS"
ISM-1290,Y,Y,Y,Y,Y,"NC, OS, P, S, TS"
ISM-1293,Y,Y,Y,Y,Y,"NC, OS, P, S, TS"
ISM-1294,Y,Y,Y,Y,Y,"NC, OS, P, S, TS"
ISM-1296,Y,Y,Y,Y,Y,"NC, OS, P, S, TS"
ISM-1297,Y,Y,Y,Y,Y,"NC, OS, P, S, TS"
ISM-1298,Y,Y,Y,Y,Y,"NC, OS, P, S, TS"
ISM-1299,Y,Y,Y,Y,Y,"NC, OS, P, S, TS"
ISM-1300,Y,Y,Y,Y,Y,"NC, OS, P, S, TS"
ISM-1304,Y,Y,Y,Y,Y,"NC, OS, P, S, TS"
ISM-1311,Y,Y,Y,Y,Y,"NC, OS, P, S, TS"
ISM-1312,Y,Y,Y,Y,Y,"NC, OS, P, S, TS"
ISM-1314,Y,Y,Y,Y,Y,"NC, OS, P, S, TS"
ISM-1315,Y,Y,Y,Y,Y,"NC, OS, P, S, TS"
ISM-1316,Y,Y,Y,Y,Y,"NC, OS, P, S, TS"
ISM-1317,Y,Y,Y,Y,Y,"NC, OS, P, S, TS"
ISM-1318,Y,Y,Y,Y,Y,"NC, OS, P, S, TS"
ISM-1319,Y,Y,Y,Y,Y,"NC, OS, P, S, TS"
ISM-1320,Y,Y,Y,Y,Y,"NC, OS, P, S, TS"
ISM-1321,Y,Y,Y,Y,Y,"NC, OS, P, S, TS"
ISM-1322,Y,Y,Y,Y,Y,"NC, OS, P, S, TS"
ISM-1323,Y,Y,Y,Y,Y,"NC, OS, P, S, TS"
ISM-1324,Y,Y,Y,Y,Y,"NC, OS, P, S, TS"
ISM-1327,Y,Y,Y,Y,Y,"NC, OS, P, S, TS"
ISM-1330,Y,Y,Y,Y,Y,"NC, OS, P, S, TS"
ISM-1332,Y,Y,Y,Y,Y,"NC, OS, P, S, TS"
ISM-1334,Y,Y,Y,Y,Y,"NC, OS, P, S, TS"
ISM-1335,Y,Y,Y,Y,Y,"NC, OS, P, S, TS"
ISM-1338,Y,Y,Y,Y,Y,"NC, OS, P, S, TS"
ISM-1341,Y,Y,Y,Y,Y,"NC, OS, P, S, TS"
ISM-1359,Y,Y,Y,Y,Y,"NC, OS, P, S, TS"
ISM-1361,Y,Y,Y,Y,Y,"NC, OS, P, S, TS"
ISM-1364,Y,Y,Y,Y,Y,"NC, OS, P, S, TS"
ISM-1366,Y,Y,Y,Y,Y,"NC, OS, P, S, TS"
ISM-1369,Y,Y,Y,Y,Y,"NC, OS, P, S, TS"
ISM-1370,Y,Y,Y,Y,Y,"NC, OS, P, S, TS"
ISM-1372,Y,Y,Y,Y,Y,"NC, OS, P, S, TS"
ISM-1373,Y,Y,Y,Y,Y,"NC, OS, P, S, TS"
ISM-1374,Y,Y,Y,Y,Y,"NC, OS, P, S, TS"
ISM-1375,Y,Y,Y,Y,Y,"NC, OS, P, S, TS"
ISM-1380,Y,Y,Y,Y,Y,"NC, OS, P, S, TS"
ISM-1385,Y,Y,Y,Y,Y,"NC, OS, P, S, TS"
ISM-1386,Y,Y,Y,Y,Y,"NC, OS, P, S, TS"
ISM-1387,Y,Y,Y,Y,Y,"NC, OS, P, S, TS"
ISM-1389,Y,Y,Y,Y,Y,"NC, OS, P, S, TS"
ISM-1392,Y,Y,Y,Y,Y,"NC, OS, P, S, TS"
ISM-1395,Y,Y,Y,Y,Y,"NC, OS, P, S, TS"
ISM-1400,,Y,Y,,,"OS, P"
ISM-1401,Y,Y,Y,Y,Y,"NC, OS, P, S, TS"
ISM-1402,Y,Y,Y,Y,Y,"NC, OS, P, S, TS"
ISM-1403,Y,Y,Y,Y,Y,"NC, OS, P, S, TS"
ISM-1404,Y,Y,Y,Y,Y,"NC, OS, P, S, TS"
ISM-1405,Y,Y,Y,Y,Y,"NC, OS, P, S, TS"
ISM-1406,Y,Y,Y,Y,Y,"NC, OS, P, S, TS"
ISM-1407,Y,Y,Y,Y,Y,"NC, OS, P, S, TS"
ISM-1408,Y,Y,Y,Y,Y,"NC, OS, P, S, TS"
ISM-1409,Y,Y,Y,Y,Y,"NC, OS, P, S, TS"
ISM-1412,Y,Y,Y,Y,Y,"NC, OS, P, S, TS"
ISM-1416,Y,Y,Y,Y,Y,"NC, OS, P, S, TS"
ISM-1417,Y,Y,Y,Y,Y,"NC, OS, P, S, TS"
ISM-1418,Y,Y,Y,Y,Y,"NC, OS, P, S, TS"
ISM-1419,Y,Y,Y,Y,Y,"NC, OS, P, S, TS"
ISM-1420,Y,Y,Y,Y,Y,"NC, OS, P, S, TS"
ISM-1422,Y,Y,Y,Y,Y,"NC, OS, P, S, TS"
ISM-1424,Y,Y,Y,Y,Y,"NC, OS, P, S, TS"
ISM-1427,Y,Y,Y,Y,Y,"NC, OS, P, S, TS"
ISM-1428,Y,Y,Y,Y,Y,"NC, OS, P, S, TS"
ISM-1429,Y,Y,Y,Y,Y,"NC, OS, P, S, TS"
ISM-1430,Y,Y,Y,Y,Y,"NC, OS, P, S, TS"
ISM-1431,Y,Y,Y,Y,Y,"NC, OS, P, S, TS"
ISM-1432,Y,Y,Y,Y,Y,"NC, OS, P, S, TS"
ISM-1436,Y,Y,Y,Y,Y,"NC, OS, P, S, TS"
ISM-1437,Y,Y,Y,Y,Y,"NC, OS, P, S, TS"
ISM-1438,Y,Y,Y,Y,Y,"NC, OS, P, S, TS"
ISM-1439,Y,Y,Y,Y,Y,"NC, OS, P, S, TS"
ISM-1446,Y,Y,Y,Y,Y,"NC, OS, P, S, TS"
ISM-1449,Y,Y,Y,Y,Y,"NC, OS, P, S, TS"
ISM-1450,Y,Y,Y,Y,,"NC, OS, P, S"
ISM-1451,Y,Y,Y,Y,Y,"NC, OS, P, S, TS"
ISM-1452,Y,Y,Y,Y,Y,"NC, OS, P, S, TS"
ISM-1453,Y,Y,Y,Y,Y,"NC, OS, P, S, TS"
ISM-1454,Y,Y,Y,Y,Y,"NC, OS, P, S, TS"
ISM-1457,,,,Y,Y,"S, TS"
ISM-1460,Y,Y,Y,Y,Y,"NC, OS, P, S, TS"
ISM-1461,,,,Y,Y,"S, TS"
ISM-1467,Y,Y,Y,Y,Y,"NC, OS, P, S, TS"
ISM-1470,Y,Y,Y,Y,Y,"NC, OS, P, S, TS"
ISM-1471,Y,Y,Y,Y,Y,"NC, OS, P, S, TS"
ISM-1478,Y,Y,Y,Y,Y,"NC, OS, P, S, TS"
ISM-1479,Y,Y,Y,Y,Y,"NC, OS, P, S, TS"
ISM-1480,,,,Y,Y,"S, TS"
ISM-1482,,Y,Y,Y,Y,"OS, P, S, TS"
ISM-1483,Y,Y,Y,Y,Y,"NC, OS, P, S, TS"
ISM-1485,Y,Y,Y,Y,Y,"NC, OS, P, S, TS"
ISM-1486,Y,Y,Y,Y,Y,"NC, OS, P, S, TS"
ISM-1487,Y,Y,Y,Y,Y,"NC, OS, P, S, TS"
ISM-1488,Y,Y,Y,Y,Y,"NC, OS, P, S, TS"
ISM-1489,Y,Y,Y,Y,Y,"NC, OS, P, S, TS"
ISM-1490,Y,Y,Y,Y,Y,"NC, OS, P, S, TS"
ISM-1491,Y,Y,Y,Y,Y,"NC, OS, P, S, TS"
ISM-1492,Y,Y,Y,Y,Y,"NC, OS, P, S, TS"
ISM-1493,Y,Y,Y,Y,Y,"NC, OS, P, S, TS"
ISM-1501,Y,Y,Y,Y,Y,"NC, OS, P, S, TS"
ISM-1502,Y,Y,Y,Y,Y,"NC, OS, P, S, TS"
ISM-1504,Y,Y,Y,Y,Y,"NC, OS, P, S, TS"
ISM-1505,Y,Y,Y,Y,Y,"NC, OS, P, S, TS"
ISM-1506,Y,Y,Y,Y,Y,"NC, OS, P, S, TS"
ISM-1507,Y,Y,Y,Y,Y,"NC, OS, P, S, TS"
ISM-1508,Y,Y,Y,Y,Y,"NC, OS, P, S, TS"
ISM-1509,Y,Y,Y,Y,Y,"NC, OS, P, S, TS"
ISM-1510,Y,Y,Y,Y,Y,"NC, OS, P, S, TS"
ISM-1511,Y,Y,Y,Y,Y,"NC, OS, P, S, TS"
ISM-1515,Y,Y,Y,Y,Y,"NC, OS, P, S, TS"
ISM-1517,Y,Y,Y,Y,Y,"NC, OS, P, S, TS"
ISM-1520,Y,Y,Y,Y,Y,"NC, OS, P, S, TS"
ISM-1521,,,,Y,Y,"S, TS"
ISM-1522,,,,Y,Y,"S, TS"
ISM-1523,,,,Y,Y,"S, TS"
ISM-1524,,,,Y,Y,"S, TS"
ISM-1525,Y,Y,Y,Y,Y,"NC, OS, P, S, TS"
ISM-1526,Y,Y,Y,Y,Y,"NC, OS, P, S, TS"
ISM-1528,Y,Y,Y,Y,Y,"NC, OS, P, S, TS"
ISM-1529,,,,Y,Y,"S, TS"
ISM-1530,,Y,Y,Y,Y,"OS, P, S, TS"
ISM-1532,Y,Y,Y,Y,Y,"NC, OS, P, S, TS"
ISM-1533,Y,Y,Y,Y,Y,"NC, OS, P, S, TS"
ISM-1534,Y,Y,Y,Y,Y,"NC, OS, P, S, TS"
ISM-1535,,,,Y,Y,"S, TS"
ISM-1536,Y,Y,Y,Y,Y,"NC, OS, P, S, TS"
ISM-1537,Y,Y,Y,Y,Y,"NC, OS, P, S, TS"
ISM-1540,Y,Y,Y,Y,Y,"NC, OS, P, S, TS"
ISM-1542,Y,Y,Y,Y,Y,"NC, OS, P, S, TS"
ISM-1543,,,,Y,Y,"S, TS"
ISM-1544,Y,Y,Y,Y,Y,"NC, OS, P, S, TS"
ISM-1546,Y,Y,Y,Y,Y,"NC, OS, P, S, TS"
ISM-1547,Y,Y,Y,Y,Y,"NC, OS, P, S, TS"
ISM-1548,Y,Y,Y,Y,Y,"NC, OS, P, S, TS"
ISM-1549,Y,Y,Y,Y,Y,"NC, OS, P, S, TS"
ISM-1550,Y,Y,Y,Y,Y,"NC, OS, P, S, TS"
ISM-1551,Y,Y,Y,Y,Y,"NC, OS, P, S, TS"
ISM-1552,Y,Y,Y,Y,Y,"NC, OS, P, S, TS"
ISM-1553,Y,Y,Y,Y,Y,"NC, OS, P, S, TS"
ISM-1554,Y,Y,Y,Y,Y,"NC, OS, P, S, TS"
ISM-1555,Y,Y,Y,Y,Y,"NC, OS, P, S, TS"
ISM-1556,Y,Y,Y,Y,Y,"NC, OS, P, S, TS"
ISM-1557,,,,Y,,S
ISM-1558,Y,Y,Y,Y,Y,"NC, OS, P, S, TS"
ISM-1559,Y,Y,Y,,,"NC, OS, P"
ISM-1560,,,,Y,,S
ISM-1561,,,,,Y,TS
ISM-1562,Y,Y,Y,Y,Y,"NC, OS, P, S, TS"
ISM-1563,Y,Y,Y,Y,Y,"NC, OS, P, S, TS"
ISM-1564,Y,Y,Y,Y,Y,"NC, OS, P, S, TS"
ISM-1565,Y,Y,Y,Y,Y,"NC, OS, P, S, TS"
ISM-1566,Y,Y,Y,Y,Y,"NC, OS, P, S, TS"
ISM-1567,Y,Y,Y,Y,Y,"NC, OS, P, S, TS"
ISM-1568,Y,Y,Y,Y,Y,"NC, OS, P, S, TS"
ISM-1569,Y,Y,Y,Y,Y,"NC, OS, P, S, TS"
ISM-1570,Y,Y,Y,Y,,"NC, OS, P, S"
ISM-1571,Y,Y,Y,Y,Y,"NC, OS, P, S, TS"
ISM-1572,Y,Y,Y,Y,Y,"NC, OS, P, S, TS"
ISM-1573,Y,Y,Y,Y,Y,"NC, OS, P, S, TS"
ISM-1574,Y,Y,Y,Y,Y,"NC, OS, P, S, TS"
ISM-1575,Y,Y,Y,Y,Y,"NC, OS, P, S, TS"
ISM-1576,Y,Y,Y,Y,Y,"NC, OS, P, S, TS"
ISM-1577,Y,Y,Y,Y,Y,"NC, OS, P, S, TS"
ISM-1579,Y,Y,Y,Y,Y,"NC, OS, P, S, TS"
ISM-1580,Y,Y,Y,Y,Y,"NC, OS, P, S, TS"
ISM-1581,Y,Y,Y,Y,Y,"NC, OS, P, S, TS"
ISM-1582,Y,Y,Y,Y,Y,"NC, OS, P, S, TS"
ISM-1583,Y,Y,Y,Y,Y,"NC, OS, P, S, TS"
ISM-1584,Y,Y,Y,Y,Y,"NC, OS, P, S, TS"
ISM-1585,Y,Y,Y,Y,Y,"NC, OS, P, S, TS"
ISM-1586,Y,Y,Y,Y,Y,"NC, OS, P, S, TS"
ISM-1587,Y,Y,Y,Y,Y,"NC, OS, P, S, TS"
ISM-1588,Y,Y,Y,Y,Y,"NC, OS, P, S, TS"
ISM-1589,Y,Y,Y,Y,Y,"NC, OS, P, S, TS"
ISM-1590,Y,Y,Y,Y,Y,"NC, OS, P, S, TS"
ISM-1591,Y,Y,Y,Y,Y,"NC, OS, P, S, TS"
ISM-1592,Y,Y,Y,Y,Y,"NC, OS, P, S, TS"
ISM-1593,Y,Y,Y,Y,Y,"NC, OS, P, S, TS"
ISM-1594,Y,Y,Y,Y,Y,"NC, OS, P, S, TS"
ISM-1595,Y,Y,Y,Y,Y,"NC, OS, P, S, TS"
ISM-1596,Y,Y,Y,Y,Y,"NC, OS, P, S, TS"
ISM-1597,Y,Y,Y,Y,Y,"NC, OS, P, S, TS"
ISM-1598,Y,Y,Y,Y,Y,"NC, OS, P, S, TS"
ISM-1599,Y,Y,Y,Y,Y,"NC, OS, P, S, TS"
ISM-1600,Y,Y,Y,Y,Y,"NC, OS, P, S, TS"
ISM-1601,Y,Y,Y,Y,Y,"NC, OS, P, S, TS"
ISM-1602,Y,Y,Y,Y,Y,"NC, OS, P, S, TS"
ISM-1603,Y,Y,Y,Y,Y,"NC, OS, P, S, TS"
ISM-1604,Y,Y,Y,Y,Y,"NC, OS, P, S, TS"
ISM-1605,Y,Y,Y,Y,Y,"NC, OS, P, S, TS"
ISM-1606,Y,Y,Y,Y,Y,"NC, OS, P, S, TS"
ISM-1607,Y,Y,Y,Y,Y,"NC, OS, P, S, TS"
ISM-1608,Y,Y,Y,Y,Y,"NC, OS, P, S, TS"
ISM-1609,Y,Y,Y,Y,Y,"NC, OS, P, S, TS"
ISM-1610,Y,Y,Y,Y,Y,"NC, OS, P, S, TS"
ISM-1611,Y,Y,Y,Y,Y,"NC, OS, P, S, TS"
ISM-1612,Y,Y,Y,Y,Y,"NC, OS, P, S, TS"
ISM-1613,Y,Y,Y,Y,Y,"NC, OS, P, S, TS"
ISM-1614,Y,Y,Y,Y,Y,"NC, OS, P, S, TS"
ISM-1615,Y,Y,Y,Y,Y,"NC, OS, P, S, TS"
ISM-1616,Y,Y,Y,Y,Y,"NC, OS, P, S, TS"
ISM-1617,Y,Y,Y,Y,Y,"NC, OS, P, S, TS"
ISM-1618,Y,Y,Y,Y,Y,"NC, OS, P, S, TS"
ISM-1619,Y,Y,Y,Y,Y,"NC, OS, P, S, TS"
ISM-1620,Y,Y,Y,Y,Y,"NC, OS, P, S, TS"
ISM-1621,Y,Y,Y,Y,Y,"NC, OS, P, S, TS"
ISM-1622,Y,Y,Y,Y,Y,"NC, OS, P, S, TS"
ISM-1623,Y,Y,Y,Y,Y,"NC, OS, P, S, TS"
ISM-1624,Y,Y,Y,Y,Y,"NC, OS, P, S, TS"
ISM-1625,Y,Y,Y,Y,Y,"NC, OS, P, S, TS"
ISM-1626,Y,Y,Y,Y,Y,"NC, OS, P, S, TS"
ISM-1627,Y,Y,Y,Y,Y,"NC, OS, P, S, TS"
ISM-1628,Y,Y,Y,Y,Y,"NC, OS, P, S, TS"
ISM-1629,Y,Y,Y,Y,Y,"NC, OS, P, S, TS"
ISM-1631,Y,Y,Y,Y,Y,"NC, OS, P, S, TS"
ISM-1632,Y,Y,Y,Y,Y,"NC, OS, P, S, TS"
ISM-1633,Y,Y,Y,Y,Y,"NC, OS, P, S, TS"
ISM-1634,Y,Y,Y,Y,Y,"NC, OS, P, S, TS"
ISM-1635,Y,Y,Y,Y,Y,"NC, OS, P, S, TS"
ISM-1636,Y,Y,Y,Y,,"NC, OS, P, S"
ISM-1637,Y,Y,Y,Y,Y,"NC, OS, P, S, TS"
ISM-1638,Y,Y,Y,Y,Y,"NC, OS, P, S, TS"
ISM-1639,Y,Y,Y,Y,Y,"NC, OS, P, S, TS"
ISM-1640,Y,Y,Y,Y,Y,"NC, OS, P, S, TS"
ISM-1641,Y,Y,Y,Y,Y,"NC, OS, P, S, TS"
ISM-1642,Y,Y,Y,Y,Y,"NC, OS, P, S, TS"
ISM-1643,Y,Y,Y,Y,Y,"NC, OS, P, S, TS"
ISM-1644,Y,Y,Y,Y,Y,"NC, OS, P, S, TS"
ISM-1645,Y,Y,Y,Y,Y,"NC, OS, P, S, TS"
ISM-1646,Y,Y,Y,Y,Y,"NC, OS, P, S, TS"
ISM-1647,Y,Y,Y,Y,Y,"NC, OS, P, S, TS"
ISM-1648,Y,Y,Y,Y,Y,"NC, OS, P, S, TS"
ISM-1649,Y,Y,Y,Y,Y,"NC, OS, P, S, TS"
ISM-1650,Y,Y,Y,Y,Y,"NC, OS, P, S, TS"
ISM-1654,Y,Y,Y,Y,Y,"NC, OS, P, S, TS"
ISM-1655,Y,Y,Y,Y,Y,"NC, OS, P, S, TS"
ISM-1656,Y,Y,Y,Y,Y,"NC, OS, P, S, TS"
ISM-1657,Y,Y,Y,Y,Y,"NC, OS, P, S, TS"
ISM-1658,Y,Y,Y,Y,Y,"NC, OS, P, S, TS"
ISM-1659,Y,Y,Y,Y,Y,"NC, OS, P, S, TS"
ISM-1660,Y,Y,Y,Y,Y,"NC, OS, P, S, TS"
ISM-1667,Y,Y,Y,Y,Y,"NC, OS, P, S, TS"
ISM-1668,Y,Y,Y,Y,Y,"NC, OS, P, S, TS"
ISM-1669,Y,Y,Y,Y,Y,"NC, OS, P, S, TS"
ISM-1670,Y,Y,Y,Y,Y,"NC, OS, P, S, TS"
ISM-1671,Y,Y,Y,Y,Y,"NC, OS, P, S, TS"
ISM-1672,Y,Y,Y,Y,Y,"NC, OS, P, S, TS"
ISM-1673,Y,Y,Y,Y,Y,"NC, OS, P, S, TS"
ISM-1674,Y,Y,Y,Y,Y,"NC, OS, P, S, TS"
ISM-1675,Y,Y,Y,Y,Y,"NC, OS, P, S, TS"
ISM-1676,Y,Y,Y,Y,Y,"NC, OS, P, S, TS"
ISM-1679,Y,Y,Y,Y,Y,"NC, OS, P, S, TS"
ISM-1680,Y,Y,Y,Y,Y,"NC, OS, P, S, TS"
ISM-1681,Y,Y,Y,Y,Y,"NC, OS, P, S, TS"
ISM-1682,Y,Y,Y,Y,Y,"NC, OS, P, S, TS"
ISM-1683,Y,Y,Y,Y,Y,"NC, OS, P, S, TS"
ISM-1685,Y,Y,Y,Y,Y,"NC, OS, P, S, TS"
ISM-1686,Y,Y,Y,Y,Y,"NC, OS, P, S, TS"
ISM-1687,Y,Y,Y,Y,Y,"NC, OS, P, S, TS"
ISM-1688,Y,Y,Y,Y,Y,"NC, OS, P, S, TS"
ISM-1689,Y,Y,Y,Y,Y,"NC, OS, P, S, TS"
ISM-1690,Y,Y,Y,Y,Y,"NC, OS, P, S, TS"
ISM-1691,Y,Y,Y,Y,Y,"NC, OS, P, S, TS"
ISM-1692,Y,Y,Y,Y,Y,"NC, OS, P, S, TS"
ISM-1693,Y,Y,Y,Y,Y,"NC, OS, P, S, TS"
ISM-1694,Y,Y,Y,Y,Y,"NC, OS, P, S, TS"
ISM-1695,Y,Y,Y,Y,Y,"NC, OS, P, S, TS"
ISM-1696,Y,Y,Y,Y,Y,"NC, OS, P, S, TS"
ISM-1697,Y,Y,Y,Y,Y,"NC, OS, P, S, TS"
ISM-1698,Y,Y,Y,Y,Y,"NC, OS, P, S, TS"
ISM-1699,Y,Y,Y,Y,Y,"NC, OS, P, S, TS"
ISM-1700,Y,Y,Y,Y,Y,"NC, OS, P, S, TS"
ISM-1701,Y,Y,Y,Y,Y,"NC, OS, P, S, TS"
ISM-1702,Y,Y,Y,Y,Y,"NC, OS, P, S, TS"
ISM-1703,Y,Y,Y,Y,Y,"NC, OS, P, S, TS"
ISM-1704,Y,Y,Y,Y,Y,"NC, OS, P, S, TS"
ISM-1705,Y,Y,Y,Y,Y,"NC, OS, P, S, TS"
ISM-1706,Y,Y,Y,Y,Y,"NC, OS, P, S, TS"
ISM-1707,Y,Y,Y,Y,Y,"NC, OS, P, S, TS"
ISM-1708,Y,Y,Y,Y,Y,"NC, OS, P, S, TS"
ISM-1710,Y,Y,Y,Y,Y,"NC, OS, P, S, TS"
ISM-1711,Y,Y,Y,Y,Y,"NC, OS, P, S, TS"
ISM-1712,Y,Y,Y,Y,Y,"NC, OS, P, S, TS"
ISM-1713,Y,Y,Y,Y,Y,"NC, OS, P, S, TS"
ISM-1717,Y,Y,Y,Y,Y,"NC, OS, P, S, TS"
ISM-1718,,,,Y,,S
ISM-1719,,,,,Y,TS
ISM-1720,,,,Y,,S
ISM-1721,,,,,Y,TS
ISM-1722,Y,Y,Y,Y,Y,"NC, OS, P, S, TS"
ISM-1723,Y,Y,Y,Y,Y,"NC, OS, P, S, TS"
ISM-1724,Y,Y,Y,Y,Y,"NC, OS, P, S, TS"
ISM-1725,Y,Y,Y,Y,Y,"NC, OS, P, S, TS"
ISM-1726,Y,Y,Y,Y,Y,"NC, OS, P, S, TS"
ISM-1727,Y,Y,Y,Y,Y,"NC, OS, P, S, TS"
ISM-1728,,,,Y,,S
ISM-1729,,,,,Y,TS
ISM-1730,Y,Y,Y,Y,Y,"NC, OS, P, S, TS"
ISM-1731,Y,Y,Y,Y,Y,"NC, OS, P, S, TS"
ISM-1732,Y,Y,Y,Y,Y,"NC, OS, P, S, TS"
ISM-1735,Y,Y,Y,Y,Y,"NC, OS, P, S, TS"
ISM-1736,Y,Y,Y,Y,Y,"NC, OS, P, S, TS"
ISM-1737,Y,Y,Y,Y,Y,"NC, OS, P, S, TS"
ISM-1738,Y,Y,Y,Y,Y,"NC, OS, P, S, TS"
ISM-1739,Y,Y,Y,Y,Y,"NC, OS, P, S, TS"
ISM-1740,Y,Y,Y,Y,Y,"NC, OS, P, S, TS"
ISM-1741,Y,Y,Y,Y,Y,"NC, OS, P, S, TS"
ISM-1742,Y,Y,Y,Y,Y,"NC, OS, P, S, TS"
ISM-1743,Y,Y,Y,Y,Y,"NC, OS, P, S, TS"
ISM-1745,Y,Y,Y,Y,Y,"NC, OS, P, S, TS"
ISM-1746,Y,Y,Y,Y,Y,"NC, OS, P, S, TS"
ISM-1748,Y,Y,Y,Y,Y,"NC, OS, P, S, TS"
ISM-1749,Y,Y,Y,Y,Y,"NC, OS, P, S, TS"
ISM-1750,Y,Y,Y,Y,Y,"NC, OS, P, S, TS"
ISM-1751,Y,Y,Y,Y,Y,"NC, OS, P, S, TS"
ISM-1752,Y,Y,Y,Y,Y,"NC, OS, P, S, TS"
ISM-1753,Y,Y,Y,Y,Y,"NC, OS, P, S, TS"
ISM-1754,Y,Y,Y,Y,Y,"NC, OS, P, S, TS"
ISM-1755,Y,Y,Y,Y,Y,"NC, OS, P, S, TS"
ISM-1756,Y,Y,Y,Y,Y,"NC, OS, P, S, TS"
ISM-1759,,,,Y,Y,"S, TS"
ISM-1761,,,,Y,,S
ISM-1762,,,,,Y,TS
ISM-1763,,,,Y,,S
ISM-1764,,,,,Y,TS
ISM-1765,,,,Y,Y,"S, TS"
ISM-1766,Y,Y,Y,,,"NC, OS, P"
ISM-1767,,,,Y,,S
ISM-1768,,,,,Y,TS
ISM-1769,Y,Y,Y,Y,,"NC, OS, P, S"
ISM-1770,,,,,Y,TS
ISM-1771,Y,Y,Y,Y,Y,"NC, OS, P, S, TS"
ISM-1772,Y,Y,Y,Y,Y,"NC, OS, P, S, TS"
ISM-1773,,,,Y,Y,"S, TS"
ISM-1774,Y,Y,Y,Y,Y,"NC, OS, P, S, TS"
ISM-1778,Y,Y,Y,Y,Y,"NC, OS, P, S, TS"
ISM-1779,Y,Y,Y,Y,Y,"NC, OS, P, S, TS"
ISM-1780,Y,Y,Y,Y,Y,"NC, OS, P, S, TS"
ISM-1781,Y,Y,Y,Y,Y,"NC, OS, P, S, TS"
ISM-1782,Y,Y,Y,Y,Y,"NC, OS, P, S, TS"
ISM-1783,Y,Y,Y,Y,Y,"NC, OS, P, S, TS"
ISM-1784,Y,Y,Y,Y,Y,"NC, OS, P, S, TS"
ISM-1785,Y,Y,Y,Y,Y,"NC, OS, P, S, TS"
ISM-1786,Y,Y,Y,Y,Y,"NC, OS, P, S, TS"
ISM-1787,Y,Y,Y,Y,Y,"NC, OS, P, S, TS"
ISM-1788,Y,Y,Y,Y,Y,"NC, OS, P, S, TS"
ISM-1789,Y,Y,Y,Y,Y,"NC, OS, P, S, TS"
ISM-1790,Y,Y,Y,Y,Y,"NC, OS, P, S, TS"
ISM-1791,Y,Y,Y,Y,Y,"NC, OS, P, S, TS"
ISM-1792,Y,Y,Y,Y,Y,"NC, OS, P, S, TS"
ISM-1793,Y,Y,Y,Y,,"NC, OS, P, S"
ISM-1794,Y,Y,Y,Y,Y,"NC, OS, P, S, TS"
ISM-1795,Y,Y,Y,Y,Y,"NC, OS, P, S, TS"
ISM-1796,Y,Y,Y,Y,Y,"NC, OS, P, S, TS"
ISM-1797,Y,Y,Y,Y,Y,"NC, OS, P, S, TS"
ISM-1798,Y,Y,Y,Y,Y,"NC, OS, P, S, TS"
ISM-1799,Y,Y,Y,Y,Y,"NC, OS, P, S, TS"
ISM-1800,Y,Y,Y,Y,Y,"NC, OS, P, S, TS"
ISM-1801,Y,Y,Y,Y,Y,"NC, OS, P, S, TS"
ISM-1802,,,,Y,Y,"S, TS"
ISM-1803,Y,Y,Y,Y,Y,"NC, OS, P, S, TS"
ISM-1804,Y,Y,Y,Y,Y,"NC, OS, P, S, TS"
ISM-1805,Y,Y,Y,Y,Y,"NC, OS, P, S, TS"
ISM-1806,Y,Y,Y,Y,Y,"NC, OS, P, S, TS"
ISM-1807,Y,Y,Y,Y,Y,"NC, OS, P, S, TS"
ISM-1808,Y,Y,Y,Y,Y,"NC, OS, P, S, TS"
ISM-1809,Y,Y,Y,Y,Y,"NC, OS, P, S, TS"
ISM-1810,Y,Y,Y,Y,Y,"NC, OS, P, S, TS"
ISM-1811,Y,Y,Y,Y,Y,"NC, OS, P, S, TS"
ISM-1812,Y,Y,Y,Y,Y,"NC, OS, P, S, TS"
ISM-1813,Y,Y,Y,Y,Y,"NC, OS, P, S, TS"
ISM-1814,Y,Y,Y,Y,Y,"NC, OS, P, S, TS"
ISM-1815,Y,Y,Y,Y,Y,"NC, OS, P, S, TS"
ISM-1816,Y,Y,Y,Y,Y,"NC, OS, P, S, TS"
ISM-1817,Y,Y,Y,Y,Y,"NC, OS, P, S, TS"
ISM-1818,Y,Y,Y,Y,Y,"NC, OS, P, S, TS"
ISM-1819,Y,Y,Y,Y,Y,"NC, OS, P, S, TS"
ISM-1820,Y,Y,Y,Y,Y,"NC, OS, P, S, TS"
ISM-1821,,,,,Y,TS
ISM-1822,Y,Y,Y,Y,Y,"NC, OS, P, S, TS"
ISM-1823,Y,Y,Y,Y,Y,"NC, OS, P, S, TS"
ISM-1824,Y,Y,Y,Y,Y,"NC, OS, P, S, TS"
ISM-1825,Y,Y,Y,Y,Y,"NC, OS, P, S, TS"
ISM-1826,Y,Y,Y,Y,Y,"NC, OS, P, S, TS"
ISM-1827,Y,Y,Y,Y,Y,"NC, OS, P, S, TS"
ISM-1828,Y,Y,Y,Y,Y,"NC, OS, P, S, TS"
ISM-1829,Y,Y,Y,Y,Y,"NC, OS, P, S, TS"
ISM-1830,Y,Y,Y,Y,Y,"NC, OS, P, S, TS"
ISM-1832,Y,Y,Y,Y,Y,"NC, OS, P, S, TS"
ISM-1833,Y,Y,Y,Y,Y,"NC, OS, P, S, TS"
ISM-1834,Y,Y,Y,Y,Y,"NC, OS, P, S, TS"
ISM-1835,Y,Y,Y,Y,Y,"NC, OS, P, S, TS"
ISM-1836,Y,Y,Y,Y,Y,"NC, OS, P, S, TS"
ISM-1838,Y,Y,Y,Y,Y,"NC, OS, P, S, TS"
ISM-1839,Y,Y,Y,Y,Y,"NC, OS, P, S, TS"
ISM-1840,Y,Y,Y,Y,Y,"NC, OS, P, S, TS"
ISM-1841,Y,Y,Y,Y,Y,"NC, OS, P, S, TS"
ISM-1842,Y,Y,Y,Y,Y,"NC, OS, P, S, TS"
ISM-1843,Y,Y,Y,Y,Y,"NC, OS, P, S, TS"
ISM-1844,Y,Y,Y,Y,Y,"NC, OS, P, S, TS"
ISM-1845,Y,Y,Y,Y,Y,"NC, OS, P, S, TS"
ISM-1846,Y,Y,Y,Y,Y,"NC, OS, P, S, TS"
ISM-1847,Y,Y,Y,Y,Y,"NC, OS, P, S, TS"
ISM-1848,Y,Y,Y,Y,Y,"NC, OS, P, S, TS"
ISM-1849,Y,Y,Y,Y,Y,"NC, OS, P, S, TS"
ISM-1850,Y,Y,Y,Y,Y,"NC, OS, P, S, TS"
ISM-1851,Y,Y,Y,Y,Y,"NC, OS, P, S, TS"
ISM-1852,Y,Y,Y,Y,Y,"NC, OS, P, S, TS"
ISM-1854,Y,Y,Y,Y,Y,"NC, OS, P, S, TS"
ISM-1855,Y,Y,Y,Y,Y,"NC, OS, P, S, TS"
ISM-1858,Y,Y,Y,Y,Y,"NC, OS, P, S, TS"
ISM-1859,Y,Y,Y,Y,Y,"NC, OS, P, S, TS"
ISM-1860,Y,Y,Y,Y,Y,"NC, OS, P, S, TS"
ISM-1861,Y,Y,Y,Y,Y,"NC, OS, P, S, TS"
ISM-1862,Y,Y,Y,Y,Y,"NC, OS, P, S, TS"
ISM-1863,Y,Y,Y,Y,Y,"NC, OS, P, S, TS"
ISM-1864,Y,Y,Y,Y,Y,"NC, OS, P, S, TS"
ISM-1865,Y,Y,Y,Y,Y,"NC, OS, P, S, TS"
ISM-1866,,Y,Y,,,"OS, P"
ISM-1867,,Y,Y,,,"OS, P"
ISM-1868,,,,Y,Y,"S, TS"
ISM-1869,Y,Y,Y,Y,Y,"NC, OS, P, S, TS"
ISM-1870,Y,Y,Y,Y,Y,"NC, OS, P, S, TS"
ISM-1871,Y,Y,Y,Y,Y,"NC, OS, P, S, TS"
ISM-1872,Y,Y,Y,Y,Y,"NC, OS, P, S, TS"
ISM-1873,Y,Y,Y,Y,Y,"NC, OS, P, S, TS"
ISM-1874,Y,Y,Y,Y,Y,"NC, OS, P, S, TS"
ISM-1875,Y,Y,Y,Y,Y,"NC, OS, P, S, TS"
ISM-1876,Y,Y,Y,Y,Y,"NC, OS, P, S, TS"
ISM-1877,Y,Y,Y,Y,Y,"NC, OS, P, S, TS"
ISM-1878,Y,Y,Y,Y,Y,"NC, OS, P, S, TS"
ISM-1879,Y,Y,Y,Y,Y,"NC, OS, P, S, TS"
ISM-1880,Y,Y,Y,Y,Y,"NC, OS, P, S, TS"
ISM-1881,Y,Y,Y,Y,Y,"NC, OS, P, S, TS"
ISM-1882,Y,Y,Y,Y,Y,"NC, OS, P, S, TS"
ISM-1883,Y,Y,Y,Y,Y,"NC, OS, P, S, TS"
ISM-1884,,Y,Y,Y,Y,"OS, P, S, TS"
ISM-1885,,,,Y,Y,"S, TS"
ISM-1886,Y,Y,Y,Y,Y,"NC, OS, P, S, TS"
ISM-1887,Y,Y,Y,Y,Y,"NC, OS, P, S, TS"
ISM-1888,Y,Y,Y,Y,Y,"NC, OS, P, S, TS"
ISM-1889,Y,Y,Y,Y,Y,"NC, OS, P, S, TS"
ISM-1890,Y,Y,Y,Y,Y,"NC, OS, P, S, TS"
ISM-1891,Y,Y,Y,Y,Y,"NC, OS, P, S, TS"
ISM-1892,Y,Y,Y,Y,Y,"NC, OS, P, S, TS"
ISM-1893,Y,Y,Y,Y,Y,"NC, OS, P, S, TS"
ISM-1894,Y,Y,Y,Y,Y,"NC, OS, P, S, TS"
ISM-1895,Y,Y,Y,Y,Y,"NC, OS, P, S, TS"
ISM-1896,Y,Y,Y,Y,Y,"NC, OS, P, S, TS"
ISM-1897,Y,Y,Y,Y,Y,"NC, OS, P, S, TS"
ISM-1898,Y,Y,Y,Y,Y,"NC, OS, P, S, TS"
ISM-1899,Y,Y,Y,Y,Y,"NC, OS, P, S, TS"
ISM-1900,Y,Y,Y,Y,Y,"NC, OS, P, S, TS"
ISM-1901,Y,Y,Y,Y,Y,"NC, OS, P, S, TS"
ISM-1902,Y,Y,Y,Y,Y,"NC, OS, P, S, TS"
ISM-1903,Y,Y,Y,Y,Y,"NC, OS, P, S, TS"
ISM-1904,Y,Y,Y,Y,Y,"NC, OS, P, S, TS"
ISM-1905,Y,Y,Y,Y,Y,"NC, OS, P, S, TS"
ISM-1906,Y,Y,Y,Y,Y,"NC, OS, P, S, TS"
ISM-1907,Y,Y,Y,Y,Y,"NC, OS, P, S, TS"
ISM-1908,Y,Y,Y,Y,Y,"NC, OS, P, S, TS"
ISM-1909,Y,Y,Y,Y,Y,"NC, OS, P, S, TS"
ISM-1910,Y,Y,Y,Y,Y,"NC, OS, P, S, TS"
ISM-1911,Y,Y,Y,Y,Y,"NC, OS, P, S, TS"
ISM-1912,Y,Y,Y,Y,Y,"NC, OS, P, S, TS"
ISM-1913,Y,Y,Y,Y,Y,"NC, OS, P, S, TS"
ISM-1914,Y,Y,Y,Y,Y,"NC, OS, P, S, TS"
ISM-1915,Y,Y,Y,Y,Y,"NC, OS, P, S, TS"
ISM-1916,Y,Y,Y,Y,Y,"NC, OS, P, S, TS"
ISM-1917,Y,Y,Y,Y,Y,"NC, OS, P, S, TS"
ISM-1918,Y,Y,Y,Y,Y,"NC, OS, P, S, TS"
ISM-1919,Y,Y,Y,Y,Y,"NC, OS, P, S, TS"
ISM-1920,Y,Y,Y,Y,Y,"NC, OS, P, S, TS"
ISM-1921,Y,Y,Y,Y,Y,"NC, OS, P, S, TS"
ISM-1922,Y,Y,Y,Y,Y,"NC, OS, P, S, TS"
ISM-1924,Y,Y,Y,Y,Y,"NC, OS, P, S, TS"
ISM-1926,Y,Y,Y,Y,Y,"NC, OS, P, S, TS"
ISM-1927,Y,Y,Y,Y,Y,"NC, OS, P, S, TS"
ISM-1928,Y,Y,Y,Y,Y,"NC, OS, P, S, TS"
ISM-1929,Y,Y,Y,Y,Y,"NC, OS, P, S, TS"
ISM-1930,Y,Y,Y,Y,Y,"NC, OS, P, S, TS"
ISM-1931,Y,Y,Y,Y,Y,"NC, OS, P, S, TS"
ISM-1932,Y,Y,Y,Y,Y,"NC, OS, P, S, TS"
ISM-1933,Y,Y,Y,Y,Y,"NC, OS, P, S, TS"
ISM-1934,Y,Y,Y,Y,Y,"NC, OS, P, S, TS"
ISM-1935,Y,Y,Y,Y,Y,"NC, OS, P, S, TS"
ISM-1936,Y,Y,Y,Y,Y,"NC, OS, P, S, TS"
ISM-1937,Y,Y,Y,Y,Y,"NC, OS, P, S, TS"
ISM-1938,Y,Y,Y,Y,Y,"NC, OS, P, S, TS"
ISM-1939,Y,Y,Y,Y,Y,"NC, OS, P, S, TS"
ISM-1940,Y,Y,Y,Y,Y,"NC, OS, P, S, TS"
ISM-1941,Y,Y,Y,Y,Y,"NC, OS, P, S, TS"
ISM-1942,Y,Y,Y,Y,Y,"NC, OS, P, S, TS"
ISM-1943,Y,Y,Y,Y,Y,"NC, OS, P, S, TS"
ISM-1944,Y,Y,Y,Y,Y,"NC, OS, P, S, TS"
ISM-1945,Y,Y,Y,Y,Y,"NC, OS, P, S, TS"
ISM-1946,Y,Y,Y,Y,Y,"NC, OS, P, S, TS"
ISM-1947,Y,Y,Y,Y,Y,"NC, OS, P, S, TS"
ISM-1948,Y,Y,Y,Y,Y,"NC, OS, P, S, TS"
ISM-1949,Y,Y,Y,Y,Y,"NC, OS, P, S, TS"
ISM-1950,Y,Y,Y,Y,Y,"NC, OS, P, S, TS"
ISM-1951,Y,Y,Y,Y,Y,"NC, OS, P, S, TS"
ISM-1952,Y,Y,Y,Y,Y,"NC, OS, P, S, TS"
ISM-1953,Y,Y,Y,Y,Y,"NC, OS, P, S, TS"
ISM-1954,Y,Y,Y,Y,Y,"NC, OS, P, S, TS"
ISM-1955,Y,Y,Y,Y,Y,"NC, OS, P, S, TS"
ISM-1956,Y,Y,Y,Y,Y,"NC, OS, P, S, TS"
ISM-1957,Y,Y,Y,Y,Y,"NC, OS, P, S, TS"
ISM-1958,Y,Y,Y,Y,Y,"NC, OS, P, S, TS"
ISM-1959,Y,Y,Y,Y,Y,"NC, OS, P, S, TS"
ISM-1960,Y,Y,Y,Y,Y,"NC, OS, P, S, TS"
ISM-1961,Y,Y,Y,Y,Y,"NC, OS, P, S, TS"
ISM-1962,Y,Y,Y,Y,Y,"NC, OS, P, S, TS"
ISM-1963,Y,Y,Y,Y,Y,"NC, OS, P, S, TS"
ISM-1964,Y,Y,Y,Y,Y,"NC, OS, P, S, TS"
ISM-1965,Y,Y,Y,Y,Y,"NC, OS, P, S, TS"
ISM-1966,Y,Y,Y,Y,Y,"NC, OS, P, S, TS"
ISM-1967,,,,,Y,TS
ISM-1968,,,,,Y,TS
ISM-1969,Y,Y,Y,Y,Y,"NC, OS, P, S, TS"
ISM-1970,Y,Y,Y,Y,Y,"NC, OS, P, S, TS"
ISM-1971,,,,,Y,TS
ISM-1972,,,,,Y,TS
ISM-1973,Y,,,,,NC
ISM-1974,Y,,,,,NC
ISM-1975,Y,,,,,NC
ISM-1976,Y,Y,Y,Y,Y,"NC, OS, P, S, TS"
ISM-1977,Y,Y,Y,Y,Y,"NC, OS, P, S, TS"
ISM-1978,Y,Y,Y,Y,Y,"NC, OS, P, S, TS"
ISM-1979,Y,Y,Y,Y,Y,"NC, OS, P, S, TS"
ISM-1980,Y,Y,Y,Y,Y,"NC, OS, P, S, TS"
ISM-1981,Y,Y,Y,Y,Y,"NC, OS, P, S, TS"
ISM-1982,Y,Y,Y,Y,Y,"NC, OS, P, S, TS"
ISM-1983,Y,Y,Y,Y,Y,"NC, OS, P, S, TS"
ISM-1984,Y,Y,Y,Y,Y,"NC, OS, P, S, TS"
ISM-1985,Y,Y,Y,Y,Y,"NC, OS, P, S, TS"
ISM-1986,Y,Y,Y,Y,Y,"NC, OS, P, S, TS"
ISM-1987,Y,Y,Y,Y,Y,"NC, OS, P, S, TS"
ISM-1988,Y,Y,Y,Y,Y,"NC, OS, P, S, TS"
ISM-1989,Y,Y,Y,Y,Y,"NC, OS, P, S, TS"
ISM-1990,Y,Y,Y,Y,Y,"NC, OS, P, S, TS"
ISM-1991,Y,Y,Y,Y,Y,"NC, OS, P, S, TS"
ISM-1992,Y,Y,Y,Y,Y,"NC, OS, P, S, TS"
ISM-1993,Y,Y,Y,Y,Y,"NC, OS, P, S, TS"
ISM-1994,Y,Y,Y,Y,Y,"NC, OS, P, S, TS"
ISM-1995,Y,Y,Y,Y,Y,"NC, OS, P, S, TS"
ISM-1996,Y,Y,Y,Y,Y,"NC, OS, P, S, TS"
ISM-1997,Y,Y,Y,Y,Y,"NC, OS, P, S, TS"
ISM-1998,Y,Y,Y,Y,Y,"NC, OS, P, S, TS"
ISM-1999,Y,Y,Y,Y,Y,"NC, OS, P, S, TS"
ISM-2000,Y,Y,Y,Y,Y,"NC, OS, P, S, TS"
ISM-2001,Y,Y,Y,Y,Y,"NC, OS, P, S, TS"
ISM-2002,Y,Y,Y,Y,Y,"NC, OS, P, S, TS"
ISM-2003,Y,Y,Y,Y,Y,"NC, OS, P, S, TS"
ISM-2004,Y,Y,Y,Y,Y,"NC, OS, P, S, TS"
ISM-2005,Y,Y,Y,Y,Y,"NC, OS, P, S, TS"
ISM-2006,Y,Y,Y,Y,Y,"NC, OS, P, S, TS"
ISM-2007,,,,Y,Y,"S, TS"
ISM-2008,,,,Y,Y,"S, TS"
ISM-2009,,,,Y,Y,"S, TS"
ISM-2010,Y,Y,Y,Y,Y,"NC, OS, P, S, TS"
ISM-2011,Y,Y,Y,Y,Y,"NC, OS, P, S, TS"
ISM-2012,Y,Y,Y,Y,Y,"NC, OS, P, S, TS"
ISM-2013,Y,Y,Y,Y,Y,"NC, OS, P, S, TS"
ISM-2014,Y,Y,Y,Y,Y,"NC, OS, P, S, TS"
ISM-2015,Y,Y,Y,Y,Y,"NC, OS, P, S, TS"
ISM-2016,Y,Y,Y,Y,Y,"NC, OS, P, S, TS"
ISM-2017,Y,Y,Y,Y,Y,"NC, OS, P, S, TS"
ISM-2018,Y,Y,Y,Y,Y,"NC, OS, P, S, TS"
ISM-2019,,,,,Y,TS
ISM-2020,Y,Y,Y,Y,Y,"NC, OS, P, S, TS"
ISM-2021,Y,Y,Y,Y,Y,"NC, OS, P, S, TS"
ISM-2022,Y,Y,Y,Y,Y,"NC, OS, P, S, TS"
ISM-2023,Y,Y,Y,Y,Y,"NC, OS, P, S, TS"
ISM-2024,Y,Y,Y,Y,Y,"NC, OS, P, S, TS"
ISM-2025,Y,Y,Y,Y,Y,"NC, OS, P, S, TS"
ISM-2026,Y,Y,Y,Y,Y,"NC, OS, P, S, TS"
ISM-2027,Y,Y,Y,Y,Y,"NC, OS, P, S, TS"
ISM-2028,Y,Y,Y,Y,Y,"NC, OS, P, S, TS"
ISM-2029,Y,Y,Y,Y,Y,"NC, OS, P, S, TS"
ISM-2030,Y,Y,Y,Y,Y,"NC, OS, P, S, TS"
ISM-2031,Y,Y,Y,Y,Y,"NC, OS, P, S, TS"
ISM-2032,Y,Y,Y,Y,Y,"NC, OS, P, S, TS"
ISM-2033,Y,Y,Y,Y,Y,"NC, OS, P, S, TS"
ISM-2034,Y,Y,Y,Y,Y,"NC, OS, P, S, TS"
ISM-2035,Y,Y,Y,Y,Y,"NC, OS, P, S, TS"
ISM-2036,Y,Y,Y,Y,Y,"NC, OS, P, S, TS"
ISM-2037,Y,Y,Y,Y,Y,"NC, OS, P, S, TS"
ISM-2038,Y,Y,Y,Y,Y,"NC, OS, P, S, TS"
ISM-2039,Y,Y,Y,Y,Y,"NC, OS, P, S, TS"
ISM-2040,Y,Y,Y,Y,Y,"NC, OS, P, S, TS"
ISM-2041,Y,Y,Y,Y,Y,"NC, OS, P, S, TS"
ISM-2042,Y,Y,Y,Y,Y,"NC, OS, P, S, TS"
ISM-2043,Y,Y,Y,Y,Y,"NC, OS, P, S, TS"
ISM-2044,Y,Y,Y,Y,Y,"NC, OS, P, S, TS"
ISM-2045,Y,Y,Y,Y,Y,"NC, OS, P, S, TS"
ISM-2046,Y,Y,Y,Y,Y,"NC, OS, P, S, TS"
ISM-2047,Y,Y,Y,Y,Y,"NC, OS, P, S, TS"
ISM-2048,Y,Y,Y,Y,Y,"NC, OS, P, S, TS"
ISM-2049,Y,Y,Y,Y,Y,"NC, OS, P, S, TS"
ISM-2050,Y,Y,Y,Y,Y,"NC, OS, P, S, TS"
ISM-2051,Y,Y,Y,Y,Y,"NC, OS, P, S, TS"
ISM-2052,Y,Y,Y,Y,Y,"NC, OS, P, S, TS"
ISM-2053,Y,Y,Y,Y,Y,"NC, OS, P, S, TS"
ISM-2054,Y,Y,Y,Y,Y,"NC, OS, P, S, TS"
ISM-2055,Y,Y,Y,Y,Y,"NC, OS, P, S, TS"
ISM-2056,Y,Y,Y,Y,Y,"NC, OS, P, S, TS"
ISM-2057,Y,Y,Y,Y,Y,"NC, OS, P, S, TS"
ISM-2058,Y,Y,Y,Y,Y,"NC, OS, P, S, TS"
ISM-2059,Y,Y,Y,Y,Y,"NC, OS, P, S, TS"
ISM-2060,Y,Y,Y,Y,Y,"NC, OS, P, S, TS"
ISM-2061,Y,Y,Y,Y,Y,"NC, OS, P, S, TS"
ISM-2062,Y,Y,Y,Y,Y,"NC, OS, P, S, TS"
ISM-2063,Y,Y,Y,Y,Y,"NC, OS, P, S, TS"
ISM-2064,Y,Y,Y,Y,Y,"NC, OS, P, S, TS"
ISM-2065,Y,Y,Y,Y,Y,"NC, OS, P, S, TS"
ISM-2066,Y,Y,Y,Y,Y,"NC, OS, P, S, TS"
ISM-2067,Y,Y,Y,Y,Y,"NC, OS, P, S, TS"
ISM-2068,Y,Y,Y,Y,Y,"NC, OS, P, S, TS"
ISM-2069,,,,Y,Y,"S, TS"
ISM-2070,,,,Y,Y,"S, TS"
ISM-2071,Y,Y,Y,Y,Y,"NC, OS, P, S, TS"
ISM-2072,Y,Y,Y,Y,Y,"NC, OS, P, S, TS"
ISM-2073,Y,Y,Y,Y,Y,"NC, OS, P, S, TS"
ISM-2074,Y,Y,Y,Y,Y,"NC, OS, P, S, TS"
ISM-2075,Y,Y,Y,Y,Y,"NC, OS, P, S, TS"
ISM-2076,Y,Y,Y,Y,Y,"NC, OS, P, S, TS"
ISM-2077,Y,Y,Y,Y,Y,"NC, OS, P, S, TS"
ISM-2078,Y,Y,Y,Y,Y,"NC, OS, P, S, TS"
ISM-2079,Y,Y,Y,Y,Y,"NC, OS, P, S, TS"
ISM-2080,Y,Y,Y,Y,Y,"NC, OS, P, S, TS"
ISM-2081,Y,Y,Y,Y,Y,"NC, OS, P, S, TS"
ISM-2082,Y,Y,Y,Y,Y,"NC, OS, P, S, TS"
ISM-2083,Y,Y,Y,Y,Y,"NC, OS, P, S, TS"
ISM-2084,Y,Y,Y,Y,Y,"NC, OS, P, S, TS"
ISM-2085,Y,Y,Y,Y,Y,"NC, OS, P, S, TS"
ISM-2086,Y,Y,Y,Y,Y,"NC, OS, P, S, TS"
ISM-2087,Y,Y,Y,Y,Y,"NC, OS, P, S, TS"
ISM-2088,Y,Y,Y,Y,Y,"NC, OS, P, S, TS"
ISM-2089,Y,Y,Y,Y,Y,"NC, OS, P, S, TS"
ISM-2090,Y,Y,Y,Y,Y,"NC, OS, P, S, TS"
ISM-2091,Y,Y,Y,Y,Y,"NC, OS, P, S, TS"
ISM-2092,Y,Y,Y,Y,Y,"NC, OS, P, S, TS"
ISM-2093,Y,Y,Y,Y,Y,"NC, OS, P, S, TS"
ISM-2094,Y,Y,Y,Y,Y,"NC, OS, P, S, TS"
ISM-2095,,Y,Y,,,"OS, P"
ISM-2096,Y,Y,Y,Y,Y,"NC, OS, P, S, TS"
ISM-2097,Y,Y,Y,Y,Y,"NC, OS, P, S, TS"
ISM-2098,Y,Y,Y,Y,Y,"NC, OS, P, S, TS"
ISM-2099,Y,Y,Y,Y,Y,"NC, OS, P, S, TS"
ISM-2100,Y,Y,Y,Y,Y,"NC, OS, P, S, TS"
ISM-2101,Y,Y,Y,Y,Y,"NC, OS, P, S, TS"
ISM-2102,Y,Y,Y,Y,Y,"NC, OS, P, S, TS"
ISM-2103,Y,Y,Y,Y,Y,"NC, OS, P, S, TS"
ISM-2104,Y,Y,Y,Y,Y,"NC, OS, P, S, TS"
ISM-2105,Y,Y,Y,Y,Y,"NC, OS, P, S, TS"
ISM-2106,Y,Y,Y,Y,Y,"NC, OS, P, S, TS"
ISM-2107,Y,Y,Y,Y,Y,"NC, OS, P, S, TS"
ISM-2108,Y,Y,Y,Y,Y,"NC, OS, P, S, TS"
ISM-2109,Y,Y,Y,Y,Y,"NC, OS, P, S, TS"
ISM-2110,Y,Y,Y,Y,Y,"NC, OS, P, S, TS"
ISM-2111,Y,Y,Y,Y,Y,"NC, OS, P, S, TS"
ISM-2112,,Y,Y,Y,Y,"OS, P, S, TS"
ISM-2113,Y,Y,Y,Y,Y,"NC, OS, P, S, TS"
ISM-2114,Y,Y,Y,Y,Y,"NC, OS, P, S, TS"
ISM-2115,Y,Y,Y,Y,Y,"NC, OS, P, S, TS"
ISM-2116,Y,Y,Y,Y,Y,"NC, OS, P, S, TS"
ISM-2117,Y,Y,Y,Y,Y,"NC, OS, P, S, TS"
ISM-2118,Y,Y,Y,Y,Y,"NC, OS, P, S, TS"
ISM-2119,Y,Y,Y,Y,Y,"NC, OS, P, S, TS"
ISM-2120,Y,Y,Y,Y,Y,"NC, OS, P, S, TS"
ISM-2121,Y,Y,Y,Y,Y,"NC, OS, P, S, TS"
ISM-2122,Y,Y,Y,Y,Y,"NC, OS, P, S, TS"
ISM-2123,Y,Y,Y,Y,Y,"NC, OS, P, S, TS"
ISM-2124,Y,Y,Y,Y,Y,"NC, OS, P, S, TS"
ISM-2125,Y,Y,Y,Y,Y,"NC, OS, P, S, TS"
ISM-2126,Y,Y,Y,Y,Y,"NC, OS, P, S, TS"
ISM-2127,Y,Y,Y,Y,Y,"NC, OS, P, S, TS"
ISM-2128,Y,Y,Y,Y,Y,"NC, OS, P, S, TS"
ISM-2129,Y,Y,Y,Y,Y,"NC, OS, P, S, TS"
ISM-2130,Y,Y,Y,Y,Y,"NC, OS, P, S, TS"
ISM-2131,Y,Y,Y,Y,Y,"NC, OS, P, S, TS"
ISM-2132,Y,Y,Y,Y,Y,"NC, OS, P, S, TS"
ISM-2133,Y,Y,Y,Y,Y,"NC, OS, P, S, TS"
ISM-2134,Y,Y,Y,Y,Y,"NC, OS, P, S, TS"
ISM-2135,Y,Y,Y,Y,Y,"NC, OS, P, S, TS"
ISM-2136,Y,Y,Y,Y,Y,"NC, OS, P, S, TS"
ISM-2137,Y,Y,Y,Y,Y,"NC, OS, P, S, TS"
ISM-2138,Y,Y,Y,Y,Y,"NC, OS, P, S, TS"
ISM-2139,Y,Y,Y,Y,Y,"NC, OS, P, S, TS"
ISM-2140,Y,Y,Y,Y,Y,"NC, OS, P, S, TS"
ISM-2141,Y,Y,Y,Y,Y,"NC, OS, P, S, TS"
ISM-2142,Y,Y,Y,Y,Y,"NC, OS, P, S, TS"
ISM-2143,Y,Y,Y,Y,Y,"NC, OS, P, S, TS"
ISM-2144,Y,Y,Y,Y,Y,"NC, OS, P, S, TS"
ISM-2145,Y,Y,Y,Y,Y,"NC, OS, P, S, TS"
ISM-2146,Y,Y,Y,Y,Y,"NC, OS, P, S, TS"
ISM-2147,Y,Y,Y,Y,Y,"NC, OS, P, S, TS"
ISM-2148,Y,Y,Y,Y,Y,"NC, OS, P, S, TS"
ISM-2149,Y,Y,Y,Y,Y,"NC, OS, P, S, TS"
ISM-2150,Y,Y,Y,Y,Y,"NC, OS, P, S, TS"
ISM-2151,Y,Y,Y,Y,Y,"NC, OS, P, S, TS"
ISM-2152,Y,Y,Y,Y,Y,"NC, OS, P, S, TS"
ISM-2153,Y,Y,Y,Y,Y,"NC, OS, P, S, TS"
ISM-2154,Y,Y,Y,Y,Y,"NC, OS, P, S, TS"
ISM-2155,Y,Y,Y,Y,Y,"NC, OS, P, S, TS"
ISM-2156,Y,Y,Y,Y,Y,"NC, OS, P, S, TS"
ISM-2157,Y,Y,Y,Y,Y,"NC, OS, P, S, TS"
ISM-2158,Y,Y,Y,Y,Y,"NC, OS, P, S, TS"
ISM-2159,Y,Y,Y,Y,Y,"NC, OS, P, S, TS"
ISM-2160,Y,Y,Y,Y,Y,"NC, OS, P, S, TS"
ISM-2161,Y,Y,Y,Y,Y,"NC, OS, P, S, TS"
ISM-2162,Y,Y,Y,Y,Y,"NC, OS, P, S, TS"
ISM-2163,Y,Y,Y,Y,Y,"NC, OS, P, S, TS"
ISM-2164,Y,Y,Y,Y,Y,"NC, OS, P, S, TS"
ISM-2165,Y,Y,Y,Y,Y,"NC, OS, P, S, TS"
ISM-2166,Y,Y,Y,Y,Y,"NC, OS, P, S, TS"
ISM-2167,Y,Y,Y,Y,Y,"NC, OS, P, S, TS"
