항목 번호,장,통제영역,통제군,통제군명,통제군명(영문),식별자,통제항목명,항목유형,상위항목,C(기밀),S(민감),O(공개)
1,1,권한,LP,최소 권한,Least Privilege,N2SF-LP-1,정보시스템 접근 권한 정의,기본,,●,●,
2,1,권한,LP,최소 권한,Least Privilege,N2SF-LP-2,보안통제 권한 제한,기본,,●,●,●
3,1,권한,LP,최소 권한,Least Privilege,N2SF-LP-3,보안통제 계정 노출 방지,기본,,●,●,●
4,1,권한,LP,최소 권한,Least Privilege,N2SF-LP-4,관리자 권한 제한,기본,,●,●,●
5,1,권한,LP,최소 권한,Least Privilege,N2SF-LP-4(1),원격접속을 통한 관리자 권한 접속제한,세부,N2SF-LP-4,,●,●
6,1,권한,LP,최소 권한,Least Privilege,N2SF-LP-4(2),기관 이외 인원의 관리자 권한 제한,세부,N2SF-LP-4,●,●,●
7,1,권한,LP,최소 권한,Least Privilege,N2SF-LP-4(3),사용자에게 부여된 관리자 권한 관리,세부,N2SF-LP-4,,,
8,1,권한,LP,최소 권한,Least Privilege,N2SF-LP-4(4),관리자 권한 실행 로깅 및 감사,세부,N2SF-LP-4,●,●,●
9,1,권한,LP,최소 권한,Least Privilege,N2SF-LP-5,코드 실행권한 제한,기본,,●,●,●
10,1,권한,LP,최소 권한,Least Privilege,N2SF-LP-M1,특별권한 사용자 지정,관리,,●,●,
11,1,권한,LP,최소 권한,Least Privilege,N2SF-LP-M2,주요 사용자 위험 관리,관리,,●,●,
12,1,권한,LP,최소 권한,Least Privilege,N2SF-LP-M3,접근권한 사전 설정,관리,,●,●,●
13,1,권한,LP,최소 권한,Least Privilege,N2SF-LP-M4,접근권한과 정보 연계,관리,,●,●,●
14,1,권한,IV,신원 검증,Identity Verification,N2SF-IV-1,관리자 승인,기본,,●,●,
15,1,권한,IV,신원 검증,Identity Verification,N2SF-IV-2,신원 증거 제출,기본,,●,●,
16,1,권한,IV,신원 검증,Identity Verification,N2SF-IV-2(1),신원 증거 검증,세부,N2SF-IV-2,●,●,
17,1,권한,IV,신원 검증,Identity Verification,N2SF-IV-3,외부 신원 검증 수용,기본,,●,●,●
18,1,권한,IV,신원 검증,Identity Verification,N2SF-IV-M1,대면 신원 증거 검증,관리,,●,,
19,1,권한,IM,식별자 관리,Identifier Management,N2SF-IM-1,공개된 식별자의 계정 사용 금지,기본,,●,,
20,1,권한,IM,식별자 관리,Identifier Management,N2SF-IM-2,사용자 상태 식별,기본,,●,●,
21,1,권한,IM,식별자 관리,Identifier Management,N2SF-IM-3,기관 간 상호 관리,기본,,●,●,
22,1,권한,IM,식별자 관리,Identifier Management,N2SF-IM-4,"상호(쌍, Pairwise) 가명 식별자",기본,,●,,
23,1,권한,IM,식별자 관리,Identifier Management,N2SF-IM-5,속성 유지관리 및 보호,기본,,●,,
24,1,권한,AC,계정 관리,Account Management,N2SF-AC-1,계정 관리 자동화,기본,,●,●,
25,1,권한,AC,계정 관리,Account Management,N2SF-AC-1(1),동적 계정 관리,세부,N2SF-AC-1,●,●,
26,1,권한,AC,계정 관리,Account Management,N2SF-AC-1(2),계정 상태 모니터링,세부,N2SF-AC-1,●,●,
27,1,권한,AC,계정 관리,Account Management,N2SF-AC-1(3),계정 자동 비활성화,세부,N2SF-AC-1,●,,
28,1,권한,AC,계정 관리,Account Management,N2SF-AC-1(4),계정 자동 로그아웃,세부,N2SF-AC-1,●,●,●
29,1,권한,AC,계정 관리,Account Management,N2SF-AC-1(5),불필요한 관리자 권한 계정 제거,세부,N2SF-AC-1,●,●,●
30,1,권한,AC,계정 관리,Account Management,N2SF-AC-2,공유 및 그룹 계정 사용 제한,기본,,●,,
31,1,권한,AC,계정 관리,Account Management,N2SF-AC-3,의심스러운 계정 모니터링,기본,,●,●,
32,1,권한,AC,계정 관리,Account Management,N2SF-AC-3(1),위험에 노출된 계정 비활성화,세부,N2SF-AC-3,●,●,●
33,1,권한,AC,계정 관리,Account Management,N2SF-AC-3(2),내부 사용자 모니터링,세부,N2SF-AC-3,●,●,
34,1,권한,AC,계정 관리,Account Management,N2SF-AC-3(3),외부 사용자 모니터링,세부,N2SF-AC-3,●,●,
35,1,권한,AC,계정 관리,Account Management,N2SF-AC-M1,감사 활동 자동화,관리,,●,,
36,1,권한,AC,계정 관리,Account Management,N2SF-AC-M2,감사기록 생성,관리,,●,●,●
37,1,권한,AC,계정 관리,Account Management,N2SF-AC-M3,세션 감사,관리,,●,●,
38,2,인증,MA,다중요소 인증,Multi-Factor Authentication,N2SF-MA-1,"관리자 계정 다중요소 인증(MFA, Multi-factor Authentication)",기본,,●,●,●
39,2,인증,MA,다중요소 인증,Multi-Factor Authentication,N2SF-MA-2,"사용자 계정 다중요소 인증(MFA, Multi-factor Authentication)",기본,,●,●,
40,2,인증,MA,다중요소 인증,Multi-Factor Authentication,N2SF-MA-3,다중요소 인증 장치 분리,기본,,●,●,●
41,2,인증,MA,다중요소 인증,Multi-Factor Authentication,N2SF-MA-4,"다중요소 인증(MFA, Multi-factor Authentication) 경로 분리",기본,,●,●,●
42,2,인증,MA,다중요소 인증,Multi-Factor Authentication,N2SF-MA-5,특정상황에서의 다중요소 인증,기본,,●,●,
43,2,인증,MA,다중요소 인증,Multi-Factor Authentication,N2SF-MA-M1,다중인증요소 설정 및 관리,관리,,●,●,●
44,2,인증,EI,외부인증수단,External Identity,N2SF-EI-1,외부 자격증명 수단 활용,기본,,●,●,
45,2,인증,EI,외부인증수단,External Identity,N2SF-EI-2,외부 인증수단 활용,기본,,●,●,
46,2,인증,EI,외부인증수단,External Identity,N2SF-EI-M1,외부 인증수단 관리,관리,,●,,
47,2,인증,DA,단말인증,Device Authentication,N2SF-DA-1,단말 무결성 검증,기본,,●,●,
48,2,인증,DA,단말인증,Device Authentication,N2SF-DA-2,정보서비스 식별 및 제한,기본,,●,●,
49,2,인증,DA,단말인증,Device Authentication,N2SF-DA-3,단말 식별 및 인증,기본,,●,●,
50,2,인증,DA,단말인증,Device Authentication,N2SF-DA-3(1),인가 단말 인증,세부,N2SF-DA-3,●,●,
51,2,인증,DA,단말인증,Device Authentication,N2SF-DA-3(2),비인가 단말 인증,세부,N2SF-DA-3,●,,
52,2,인증,DA,단말인증,Device Authentication,N2SF-DA-4,인증된 단말의 접속 관리,기본,,●,,
53,2,인증,DA,단말인증,Device Authentication,N2SF-DA-5,외부 단말 접속 제어,기본,,●,●,●
54,2,인증,AU,인증보호,Authentication Protection,N2SF-AU-1,계정 인증 재전송 공격 방지,기본,,●,●,●
55,2,인증,AU,인증보호,Authentication Protection,N2SF-AU-2,"통합인증(SSO, Single Sign-on) 보호",기본,,●,●,
56,2,인증,AU,인증보호,Authentication Protection,N2SF-AU-3,권한 위임 토큰(OAuth) 보호,기본,,●,●,
57,2,인증,AU,인증보호,Authentication Protection,N2SF-AU-4,생체 인증 공격 방지,기본,,●,●,●
58,2,인증,AU,인증보호,Authentication Protection,N2SF-AU-5,인증 시스템 구성 및 관리,기본,,●,●,
59,2,인증,AU,인증보호,Authentication Protection,N2SF-AU-5(1),비밀번호 보안수준 점검,세부,N2SF-AU-5,●,,
60,2,인증,AU,인증보호,Authentication Protection,N2SF-AU-5(2),대체 보안수단 강구,세부,N2SF-AU-5,●,,
61,2,인증,AU,인증보호,Authentication Protection,N2SF-AU-6,공개키 기반구조(PKI) 인증서 관리,기본,,●,●,●
62,2,인증,AU,인증보호,Authentication Protection,N2SF-AU-M1,인증 정보 접근 권한 통제 및 관리,관리,,●,●,●
63,2,인증,AU,인증보호,Authentication Protection,N2SF-AU-M2,인증 위협 및 취약점 관리,관리,,●,●,●
64,2,인증,AP,인증정책,Authentication Policy,N2SF-AP-1,기관 발급 증명수단 인증 활용,기본,,●,●,
65,2,인증,AP,인증정책,Authentication Policy,N2SF-AP-2,인증 프로파일 활용,기본,,●,●,
66,2,인증,AP,인증정책,Authentication Policy,N2SF-AP-3,그룹 계정 사용자 인증,기본,,●,●,
67,2,인증,AP,인증정책,Authentication Policy,N2SF-AP-4,재인증,기본,,●,,
68,2,인증,AP,인증정책,Authentication Policy,N2SF-AP-5,동시 중복 인증 차단,기본,,●,,
69,2,인증,AP,인증정책,Authentication Policy,N2SF-AP-M1,인증 정책 수립 및 절차 관리,관리,,●,●,
70,2,인증,AP,인증정책,Authentication Policy,N2SF-AP-M2,인증 관리자의 역할 및 책임 관리,관리,,●,●,
71,2,인증,AP,인증정책,Authentication Policy,N2SF-AP-M3,인증 관련 보안사고 대응체계,관리,,●,●,●
72,2,인증,AM,인증수단,Authentication Method,N2SF-AM-1,암호모듈 기반 인증,기본,,●,●,●
73,2,인증,AM,인증수단,Authentication Method,N2SF-AM-2,비밀번호 기반 인증,기본,,●,●,●
74,2,인증,AM,인증수단,Authentication Method,N2SF-AM-3,공개키 기반 인증,기본,,●,●,●
75,2,인증,AM,인증수단,Authentication Method,N2SF-AM-4,초기 인증수단 변경,기본,,●,●,●
76,2,인증,AM,인증수단,Authentication Method,N2SF-AM-5,인증수단 보호,기본,,●,●,
77,2,인증,AM,인증수단,Authentication Method,N2SF-AM-6,암호화 되지 않은 인증수단 내장 금지,기본,,●,●,●
78,2,인증,AM,인증수단,Authentication Method,N2SF-AM-7,캐시된 인증수단 재사용 차단,기본,,●,●,●
79,2,인증,AM,인증수단,Authentication Method,N2SF-AM-8,공개키 기반 저장소 관리,기본,,●,●,
80,2,인증,AM,인증수단,Authentication Method,N2SF-AM-9,소유기반 인증,기본,,●,●,●
81,2,인증,AM,인증수단,Authentication Method,N2SF-AM-M1,인증 시스템 운영 감사,관리,,●,●,
82,2,인증,AM,인증수단,Authentication Method,N2SF-AM-M2,인증수단 정기적 보안 평가,관리,,●,●,
83,2,인증,LI,로그인,Login,N2SF-LI-1,유효한 인증정보 노출 방지,기본,,●,●,●
84,2,인증,LI,로그인,Login,N2SF-LI-2,로그인 실패에 따른 접속 제한,기본,,●,●,
85,2,인증,LI,로그인,Login,N2SF-LI-3,로그인 실패에 따른 인증요소 추가,기본,,●,●,
86,2,인증,LI,로그인,Login,N2SF-LI-4,계정 잠금 해제 인증요소 추가,기본,,●,●,
87,2,인증,LI,로그인,Login,N2SF-LI-5,정보시스템 사용 알림,기본,,●,,
88,2,인증,LI,로그인,Login,N2SF-LI-6,직전 로그인 정보 알림,기본,,●,●,
89,2,인증,LI,로그인,Login,N2SF-LI-7,실패 로그인 정보 알림,기본,,●,,
90,2,인증,LI,로그인,Login,N2SF-LI-8,로그인 이력 정보 제공,기본,,●,●,
91,2,인증,LI,로그인,Login,N2SF-LI-9,계정 정보 변경 알림,기본,,●,,
92,2,인증,LI,로그인,Login,N2SF-LI-10,로그인 부가 정보 제공,기본,,●,,
93,2,인증,LI,로그인,Login,N2SF-LI-M1,로그인 실패 모니터링 및 보고,관리,,●,,
94,2,인증,LI,로그인,Login,N2SF-LI-M2,주기적 로그인 정보 무결성 점검,관리,,●,●,
95,3,분리 및 격리,SG,분리,Segregation,N2SF-SG-1,하드웨어 기반 분리,기본,,●,●,
96,3,분리 및 격리,SG,분리,Segregation,N2SF-SG-2,운영체제(OS) 기반 분리,기본,,●,●,●
97,3,분리 및 격리,SG,분리,Segregation,N2SF-SG-2(1),시스템 파티셔닝,세부,N2SF-SG-2,●,,
98,3,분리 및 격리,SG,분리,Segregation,N2SF-SG-3,소프트웨어 기반 분리,기본,,●,●,
99,3,분리 및 격리,SG,분리,Segregation,N2SF-SG-3(1),프로세스 기반 분리,세부,N2SF-SG-3,●,●,
100,3,분리 및 격리,SG,분리,Segregation,N2SF-SG-4,IP 체계 분리,기본,,●,●,●
101,3,분리 및 격리,SG,분리,Segregation,N2SF-SG-5,보안·운영관리 인프라 분리,기본,,●,●,
102,3,분리 및 격리,SG,분리,Segregation,N2SF-SG-5(1),개발/테스트 환경 분리,세부,N2SF-SG-5,●,●,●
103,3,분리 및 격리,SG,분리,Segregation,N2SF-SG-6,보안 기능과 사용자 기능 분리,기본,,●,●,
104,3,분리 및 격리,SG,분리,Segregation,N2SF-SG-M1,분리 정책 및 절차 수립,관리,,●,●,
105,3,분리 및 격리,SG,분리,Segregation,N2SF-SG-M2,보안·운영 인프라 접근 책임 및 역할 관리,관리,,●,,
106,3,분리 및 격리,SG,분리,Segregation,N2SF-SG-M3,분리된 시스템 정기적 평가 및 감사,관리,,●,●,
107,3,분리 및 격리,SG,분리,Segregation,N2SF-SG-M4,분리환경 접근권한 관리 및 모니터링,관리,,●,●,
108,3,분리 및 격리,SG,분리,Segregation,N2SF-SG-M5,분리 위반사항 대응체계 운영,관리,,●,,
109,3,분리 및 격리,IS,격리,Isolation,N2SF-IS-1,프로세스 격리,기본,,●,,
110,3,분리 및 격리,IS,격리,Isolation,N2SF-IS-2,정보시스템 운영·관리 기능 표출 제한,기본,,●,●,●
111,3,분리 및 격리,IS,격리,Isolation,N2SF-IS-3,애플리케이션 논리적 격리,기본,,●,●,
112,3,분리 및 격리,IS,격리,Isolation,N2SF-IS-4,네트워크 격리,기본,,●,●,●
113,3,분리 및 격리,IS,격리,Isolation,N2SF-IS-5,가상화 환경 격리,기본,,●,●,●
114,3,분리 및 격리,IS,격리,Isolation,N2SF-IS-6,격리 위반사항 대응체계 운영,기본,,●,●,●
115,4,통제,IF,정보흐름,Information Flow,N2SF-IF-1,정보흐름의 동적 통제,기본,,●,●,
116,4,통제,IF,정보흐름,Information Flow,N2SF-IF-2,암호화된 정보흐름 통제,기본,,●,●,
117,4,통제,IF,정보흐름,Information Flow,N2SF-IF-3,임베디드 데이터 삽입 차단,기본,,●,●,●
118,4,통제,IF,정보흐름,Information Flow,N2SF-IF-4,메타데이터 활용 정보흐름 통제,기본,,●,,
119,4,통제,IF,정보흐름,Information Flow,N2SF-IF-5,일방향 정보흐름 통제,기본,,●,,
120,4,통제,IF,정보흐름,Information Flow,N2SF-IF-6,필터링 규칙 정보흐름 통제,기본,,●,●,●
121,4,통제,IF,정보흐름,Information Flow,N2SF-IF-7,데이터 유형 식별자 통제,기본,,●,●,
122,4,통제,IF,정보흐름,Information Flow,N2SF-IF-8,인가되지 않은 정보 전송 통제,기본,,●,●,
123,4,통제,IF,정보흐름,Information Flow,N2SF-IF-9,출발지점과 도착지점 식별 및 인증,기본,,●,●,●
124,4,통제,IF,정보흐름,Information Flow,N2SF-IF-10,정보 전송 방식 제한,기본,,●,●,
125,4,통제,IF,정보흐름,Information Flow,N2SF-IF-11,데이터 전송 차단,기본,,●,,
126,4,통제,IF,정보흐름,Information Flow,N2SF-IF-12,정보흐름 통제 기능 유지,기본,,●,●,
127,4,통제,IF,정보흐름,Information Flow,N2SF-IF-13,시간기반/상황기반 흐름 제한,기본,,●,●,
128,4,통제,IF,정보흐름,Information Flow,N2SF-IF-14,보안등급 기반 흐름 통제,기본,,●,●,
129,4,통제,IF,정보흐름,Information Flow,N2SF-IF-15,전용 통신망 구성,기본,,●,●,
130,4,통제,IF,정보흐름,Information Flow,N2SF-IF-M1,정보흐름 통제 정책 수립 및 갱신,관리,,●,●,●
131,4,통제,IF,정보흐름,Information Flow,N2SF-IF-M2,정보흐름 로그 기록 및 보존,관리,,●,●,●
132,4,통제,IF,정보흐름,Information Flow,N2SF-IF-M3,정보흐름 통제 감사 및 이행 점검,관리,,●,●,
133,4,통제,IF,정보흐름,Information Flow,N2SF-IF-M4,비인가 흐름 탐지 자동화,관리,,●,●,
134,4,통제,IF,정보흐름,Information Flow,N2SF-IF-M5,통제 실패·예외 보고 체계,관리,,●,●,
135,4,통제,EB,외부경계,External Boundary,N2SF-EB-1,연결 접점 제한,기본,,●,●,
136,4,통제,EB,외부경계,External Boundary,N2SF-EB-2,서비스별 외부 통신 통제,기본,,●,●,●
137,4,통제,EB,외부경계,External Boundary,N2SF-EB-3,화이트리스트 기반 통신 허용,기본,,●,●,
138,4,통제,EB,외부경계,External Boundary,N2SF-EB-4,분할 터널링(Split Tunneling) 제한,기본,,●,●,●
139,4,통제,EB,외부경계,External Boundary,N2SF-EB-5,통신 경유(proxy) 강제화,기본,,●,,
140,4,통제,EB,외부경계,External Boundary,N2SF-EB-6,외부로의 사이버위협 통신 발신 제한,기본,,●,●,
141,4,통제,EB,외부경계,External Boundary,N2SF-EB-7,호스트 기반 경계 보호,기본,,●,●,
142,4,통제,EB,외부경계,External Boundary,N2SF-EB-8,운영관리용 포트의 물리적 연결 차단,기본,,●,●,●
143,4,통제,EB,외부경계,External Boundary,N2SF-EB-9,전용 장치를 통한 관리자 권한 접속,기본,,●,●,●
144,4,통제,EB,외부경계,External Boundary,N2SF-EB-10,정보시스템 구성요소 외부 노출 차단,기본,,●,●,●
145,4,통제,EB,외부경계,External Boundary,N2SF-EB-11,외부 경계 보호 기능 유지,기본,,●,●,●
146,4,통제,EB,외부경계,External Boundary,N2SF-EB-12,외부 통신용 정보자산(장치) 설치 금지,기본,,●,●,●
147,4,통제,EB,외부경계,External Boundary,N2SF-EB-13,오류정보 발신자 전송 제한,기본,,●,●,
148,4,통제,EB,외부경계,External Boundary,N2SF-EB-14,외부 DNS 통신 제한,기본,,●,,
149,4,통제,EB,외부경계,External Boundary,N2SF-EB-15,우회 통신 수단 탐지 및 차단,기본,,●,●,
150,4,통제,EB,외부경계,External Boundary,N2SF-EB-M1,개인 식별정보 보호,관리,,●,●,
151,4,통제,EB,외부경계,External Boundary,N2SF-EB-M2,외부 경계 정책 수립 및 갱신,관리,,●,●,●
152,4,통제,EB,외부경계,External Boundary,N2SF-EB-M3,외부 통신 로그 기록 및 감사,관리,,●,●,●
153,4,통제,EB,외부경계,External Boundary,N2SF-EB-M4,외부 경계 위협 탐지 자동화,관리,,●,,
154,4,통제,EB,외부경계,External Boundary,N2SF-EB-M5,비상 시 외부 통신 격리,관리,,●,●,
155,4,통제,CD,CDS,Cross Domain Solution,N2SF-CD-1,도메인 간 정보 흐름 검증 및 통제,기본,,●,●,
156,4,통제,CD,CDS,Cross Domain Solution,N2SF-CD-2,다단계 보안 레이블 적용,기본,,●,,
157,4,통제,CD,CDS,Cross Domain Solution,N2SF-CD-3,일방향 전송 기술 적용(Data Diode),기본,,●,●,
158,4,통제,CD,CDS,Cross Domain Solution,N2SF-CD-4,검증 기반 릴레이 시스템 적용,기본,,●,●,
159,4,통제,CD,CDS,Cross Domain Solution,N2SF-CD-5,파일 유형 기반 전송 정책,기본,,●,●,
160,4,통제,CD,CDS,Cross Domain Solution,N2SF-CD-6,콘텐츠 무해화(CDR) 적용,기본,,●,,
161,4,통제,CD,CDS,Cross Domain Solution,N2SF-CD-7,메타데이터 기반 통제 정책,기본,,●,●,
162,4,통제,CD,CDS,Cross Domain Solution,N2SF-CD-8,승인된 CDS 구성요소만 사용,기본,,●,●,●
163,4,통제,CD,CDS,Cross Domain Solution,N2SF-CD-9,CDS 우회 경로 탐지 및 차단,기본,,●,●,
164,4,통제,CD,CDS,Cross Domain Solution,N2SF-CD-10,전송 실패 보호 및 무결성 보장,기본,,●,●,
165,4,통제,CD,CDS,Cross Domain Solution,N2SF-CD-11,등급 간 콘텐츠 정책 적용,기본,,●,●,
166,4,통제,CD,CDS,Cross Domain Solution,N2SF-CD-12,사용자 및 단말 등록 기반 접근 제어,기본,,●,●,●
167,4,통제,CD,CDS,Cross Domain Solution,N2SF-CD-13,트래픽 흐름 컨텍스트 분석,기본,,●,●,
168,4,통제,CD,CDS,Cross Domain Solution,N2SF-CD-M1,CDS 운용 정책 수립,관리,,●,●,●
169,4,통제,CD,CDS,Cross Domain Solution,N2SF-CD-M2,CDS 통제 로그 기록 및 감사,관리,,●,●,●
170,4,통제,CD,CDS,Cross Domain Solution,N2SF-CD-M3,도메인 간 정보 교환 승인 프로세스,관리,,●,●,
171,4,통제,CD,CDS,Cross Domain Solution,N2SF-CD-M4,CDS 구성요소 무결성 검증,관리,,●,●,●
172,4,통제,RA,원격접속,Remote Access,N2SF-RA-1,원격접속 모니터링 및 통제,기본,,●,●,●
173,4,통제,RA,원격접속,Remote Access,N2SF-RA-2,원격접속 세션 암호화,기본,,●,●,●
174,4,통제,RA,원격접속,Remote Access,N2SF-RA-3,원격접속위치 통제,기본,,●,●,
175,4,통제,RA,원격접속,Remote Access,N2SF-RA-4,관리자 권한 통제,기본,,,●,
176,4,통제,RA,원격접속,Remote Access,N2SF-RA-5,원격접속 정보 유출 방지,기본,,●,●,●
177,4,통제,RA,원격접속,Remote Access,N2SF-RA-6,원격접속 자동 종료 및 비활성화,기본,,●,●,●
178,4,통제,RA,원격접속,Remote Access,N2SF-RA-7,원격 명령 신뢰성 검증,기본,,●,,
179,4,통제,RA,원격접속,Remote Access,N2SF-RA-M1,원격접속 정책 수립 및 예외 관리,관리,,●,●,
180,4,통제,RA,원격접속,Remote Access,N2SF-RA-M2,원격접속 로그 보존 및 감사,관리,,●,●,●
181,4,통제,RA,원격접속,Remote Access,N2SF-RA-M3,원격접속 보안 점검 주기 운영,관리,,●,●,
182,4,통제,SN,세션,Session,N2SF-SN-1,로그아웃 세션 처리,기본,,●,●,●
183,4,통제,SN,세션,Session,N2SF-SN-2,세션별 고유 식별자,기본,,●,●,●
184,4,통제,SN,세션,Session,N2SF-SN-3,동시 접속 세션 제한,기본,,●,,
185,4,통제,SN,세션,Session,N2SF-SN-4,세션 종료,기본,,●,●,●
186,4,통제,SN,세션,Session,N2SF-SN-4(1),사용자 기반 로그아웃,세부,N2SF-SN-4,●,●,●
187,4,통제,SN,세션,Session,N2SF-SN-4(2),종료 메시지,세부,N2SF-SN-4,●,●,●
188,4,통제,SN,세션,Session,N2SF-SN-5,로그인 유효시간 경과 경고 메시지,기본,,●,●,
189,4,통제,SN,세션,Session,N2SF-SN-6,네트워크 연결 해제,기본,,●,●,●
190,4,통제,SN,세션,Session,N2SF-SN-7,세션 중 행위 기반 비정상 탐지,기본,,●,,
191,4,통제,SN,세션,Session,N2SF-SN-8,세션 중 연속 인증 수행,기본,,●,●,
192,4,통제,SN,세션,Session,N2SF-SN-M1,세션 관리 정책 수립,관리,,●,●,
193,4,통제,SN,세션,Session,N2SF-SN-M2,세션 감사 및 로그 기록,관리,,●,●,●
194,4,통제,WA,무선망 접속,Wireless Network Access,N2SF-WA-1,업무용 무선망 인증 및 암호화,기본,,●,●,●
195,4,통제,WA,무선망 접속,Wireless Network Access,N2SF-WA-2,업무용 무선망 인증정보 보호,기본,,●,●,●
196,4,통제,WA,무선망 접속,Wireless Network Access,N2SF-WA-3,업무용 무선망 신호 보호,기본,,●,,
197,4,통제,WA,무선망 접속,Wireless Network Access,N2SF-WA-4,비인가 무선장비 설치 차단,기본,,●,●,●
198,4,통제,WA,무선망 접속,Wireless Network Access,N2SF-WA-5,외부인 전용 무선망 구성,기본,,,●,●
199,4,통제,WA,무선망 접속,Wireless Network Access,N2SF-WA-6,무선망 관리기능 보호,기본,,●,●,●
200,4,통제,WA,무선망 접속,Wireless Network Access,N2SF-WA-7,비인가 무선망 접속 차단,기본,,●,●,●
201,4,통제,WA,무선망 접속,Wireless Network Access,N2SF-WA-M1,무선망 세션/로그 분석,관리,,●,●,
202,4,통제,BC,블루투스 연결,Bluetooth Connection,N2SF-BC-1,블루투스 데이터 통신 제한,기본,,●,●,
203,5,데이터,EK,암호 키 관리,Encryption Key Management,N2SF-EK-1,암호 키 설정,기본,,●,●,●
204,5,데이터,EK,암호 키 관리,Encryption Key Management,N2SF-EK-2,암호 키 생성,기본,,●,●,
205,5,데이터,EK,암호 키 관리,Encryption Key Management,N2SF-EK-3,암호 키 저장,기본,,●,●,●
206,5,데이터,EK,암호 키 관리,Encryption Key Management,N2SF-EK-4,암호 키 사용,기본,,●,●,
207,5,데이터,EK,암호 키 관리,Encryption Key Management,N2SF-EK-5,암호 키 폐기,기본,,●,●,●
208,5,데이터,EK,암호 키 관리,Encryption Key Management,N2SF-EK-6,전자서명 검증,기본,,●,●,●
209,5,데이터,EK,암호 키 관리,Encryption Key Management,N2SF-EK-M1,암호 키 저장소 관리,관리,,●,●,
210,5,데이터,EK,암호 키 관리,Encryption Key Management,N2SF-EK-M2,암호 키 관리 정책 및 절차,관리,,●,●,
211,5,데이터,EK,암호 키 관리,Encryption Key Management,N2SF-EK-M3,키 접근 권한 및 감사 관리,관리,,●,●,
212,5,데이터,EA,암호 모듈 사용,Encryption Technology Application,N2SF-EA-1,검증필 암호모듈 사용,기본,,●,●,●
213,5,데이터,EA,암호 모듈 사용,Encryption Technology Application,N2SF-EA-2,국가용 암호자재 및 장비 사용,기본,,●,,
214,5,데이터,EA,암호 모듈 사용,Encryption Technology Application,N2SF-EA-3,특수목적용 외국산 암호자재 및 장비 사용,기본,,●,●,
215,5,데이터,DT,데이터 전송,Data Transmission,N2SF-DT-1,전송 권한 확인,기본,,●,●,
216,5,데이터,DT,데이터 전송,Data Transmission,N2SF-DT-2,정보교환 중단,기본,,●,●,
217,5,데이터,DT,데이터 전송,Data Transmission,N2SF-DT-3,전송간 암호화 적용,기본,,●,●,
218,5,데이터,DT,데이터 전송,Data Transmission,N2SF-DT-4,메시지 외부 암호화 보호,기본,,●,●,
219,5,데이터,DT,데이터 전송,Data Transmission,N2SF-DT-5,통신 패턴 은폐 또는 무작위화,기본,,●,,
220,5,데이터,DT,데이터 전송,Data Transmission,N2SF-DT-6,데이터 전송 간 위변조 검증,기본,,●,●,
221,5,데이터,DU,데이터 사용,Data Usage,N2SF-DU-1,오프라인 저장,기본,,●,,
222,5,데이터,DU,데이터 사용,Data Usage,N2SF-DU-2,데이터 암호화 저장,기본,,●,●,●
223,5,데이터,DU,데이터 사용,Data Usage,N2SF-DU-3,사용중 데이터 보호,기본,,●,,
224,5,데이터,DU,데이터 사용,Data Usage,N2SF-DU-4,데이터 갱신 및 삭제,기본,,●,●,
225,5,데이터,DU,데이터 사용,Data Usage,N2SF-DU-M1,데이터 접근 제어,관리,,●,●,
226,5,데이터,DU,데이터 사용,Data Usage,N2SF-DU-M2,데이터 사용 모니터링,관리,,●,●,
227,5,데이터,DU,데이터 사용,Data Usage,N2SF-DU-M3,데이터 사용 정책 수립,관리,,●,●,
228,5,데이터,DU,데이터 사용,Data Usage,N2SF-DU-M4,데이터 저장 무결성,관리,,●,●,
229,6,정보자산,MD,모바일 단말,Mobile Device,N2SF-MD-1,모바일 코드 다운로드 및 실행 금지,기본,,●,●,●
230,6,정보자산,MD,모바일 단말,Mobile Device,N2SF-MD-2,자동 실행 금지,기본,,●,●,
231,6,정보자산,MD,모바일 단말,Mobile Device,N2SF-MD-3,제한된 환경에서의 실행,기본,,●,●,
232,6,정보자산,MD,모바일 단말,Mobile Device,N2SF-MD-4,민감정보 소통 제한,기본,,●,●,
233,6,정보자산,MD,모바일 단말,Mobile Device,N2SF-MD-5,모바일 장치 암호화 기술,기본,,●,●,
234,6,정보자산,MD,모바일 단말,Mobile Device,N2SF-MD-6,데이터 자동삭제 또는 초기화,기본,,●,●,
235,6,정보자산,MD,모바일 단말,Mobile Device,N2SF-MD-7,탈옥·루팅 탐지 및 차단,기본,,●,●,●
236,6,정보자산,MD,모바일 단말,Mobile Device,N2SF-MD-8,블루투스·USB 제어 설정,기본,,●,●,
237,6,정보자산,MD,모바일 단말,Mobile Device,N2SF-MD-9,비인가 앱 탐지 및 차단,기본,,●,●,
238,6,정보자산,MD,모바일 단말,Mobile Device,N2SF-MD-10,위치 기반 보안 정책,기본,,●,●,
239,6,정보자산,MD,모바일 단말,Mobile Device,N2SF-MD-11,네트워크 접근 제어,기본,,●,,
240,6,정보자산,MD,모바일 단말,Mobile Device,N2SF-MD-M1,장비 식별 및 사용자 연동 관리,관리,,●,●,
241,6,정보자산,MD,모바일 단말,Mobile Device,N2SF-MD-M2,정책 위반 자동 조치,관리,,●,,
242,6,정보자산,DV,하드웨어,Device,N2SF-DV-1,하드웨어 무결성 검증,기본,,●,●,
243,6,정보자산,DV,하드웨어,Device,N2SF-DV-2,하드웨어 기반 펌웨어 보호(Hardware-Based Protection),기본,,●,,
244,6,정보자산,DV,하드웨어,Device,N2SF-DV-3,하드웨어 장치(device) 사용 제한,기본,,●,●,
245,6,정보자산,DV,하드웨어,Device,N2SF-DV-4,포트 및 입출력 장치 제어,기본,,●,●,
246,6,정보자산,DV,하드웨어,Device,N2SF-DV-5,외부 정보자산 활용 정보처리 제한,기본,,●,,
247,6,정보자산,DV,하드웨어,Device,N2SF-DV-6,통신 기능이 포함된 저장장치 제한,기본,,●,,
248,6,정보자산,DV,하드웨어,Device,N2SF-DV-7,기관 접속용 장치 제한,기본,,●,,
249,6,정보자산,DV,하드웨어,Device,N2SF-DV-8,장치 자동 잠금,기본,,●,●,●
250,6,정보자산,DV,하드웨어,Device,N2SF-DV-9,읽기전용 매체 활용 프로그램 실행,기본,,●,,
251,6,정보자산,DV,하드웨어,Device,N2SF-DV-10,저장장치 연결 금지,기본,,●,,
252,6,정보자산,DV,하드웨어,Device,N2SF-DV-11,읽기전용 매체 무결성 검증,기본,,●,,
253,6,정보자산,DV,하드웨어,Device,N2SF-DV-12,장치 펌웨어 업데이트 검증,기본,,●,,
254,6,정보자산,DV,하드웨어,Device,N2SF-DV-M1,하드웨어 장치 식별 및 인벤토리,관리,,●,●,
255,6,정보자산,DV,하드웨어,Device,N2SF-DV-M2,반입 장치 검사 절차,관리,,●,●,
256,6,정보자산,IN,정보시스템 구성요소,Information System Component,N2SF-IN-1,구성요소 목록 중앙관리,기본,,●,●,
257,6,정보자산,IN,정보시스템 구성요소,Information System Component,N2SF-IN-1(1),정보시스템 구성요소 최신상태 유지,세부,N2SF-IN-1,●,●,
258,6,정보자산,IN,정보시스템 구성요소,Information System Component,N2SF-IN-1(2),구성요소 목록 현행화,세부,N2SF-IN-1,●,●,
259,6,정보자산,IN,정보시스템 구성요소,Information System Component,N2SF-IN-1(3),구성요소 목록 자동관리,세부,N2SF-IN-1,●,,
260,6,정보자산,IN,정보시스템 구성요소,Information System Component,N2SF-IN-2,비인가 구성요소 식별,기본,,●,●,
261,6,정보자산,IN,정보시스템 구성요소,Information System Component,N2SF-IN-3,물리적 위치 식별,기본,,●,,
262,6,정보자산,IN,정보시스템 구성요소,Information System Component,N2SF-IN-4,변경 사항 테스트 및 검증,기본,,●,●,
263,6,정보자산,IN,정보시스템 구성요소,Information System Component,N2SF-IN-5,비인가 변경 방지,기본,,●,●,
264,6,정보자산,IN,정보시스템 구성요소,Information System Component,N2SF-IN-6,불필요한 구성요소 제거,기본,,●,●,
265,6,정보자산,IN,정보시스템 구성요소,Information System Component,N2SF-IN-7,주기적인 구성요소 제거 상태 점검,기본,,●,●,
266,6,정보자산,IN,정보시스템 구성요소,Information System Component,N2SF-IN-8,비인가 소프트웨어 실행 차단,기본,,●,●,
267,6,정보자산,IN,정보시스템 구성요소,Information System Component,N2SF-IN-9,소프트웨어 기술지원 유지,기본,,●,●,●
268,6,정보자산,IN,정보시스템 구성요소,Information System Component,N2SF-IN-10,소프트웨어 설치 권한 제한,기본,,●,●,
269,6,정보자산,IN,정보시스템 구성요소,Information System Component,N2SF-IN-11,재기동 서비스 신뢰성 확보,기본,,●,●,●
270,6,정보자산,IN,정보시스템 구성요소,Information System Component,N2SF-IN-12,신뢰성이 보장된 구성요소 설치,기본,,●,●,●
271,6,정보자산,IN,정보시스템 구성요소,Information System Component,N2SF-IN-13,정보의 비지속성,기본,,●,●,
272,6,정보자산,IN,정보시스템 구성요소,Information System Component,N2SF-IN-14,연결의 비지속성,기본,,●,●,
273,6,정보자산,IN,정보시스템 구성요소,Information System Component,N2SF-IN-15,구성요소 해시/서명 무결성 검증,기본,,●,●,
274,6,정보자산,IN,정보시스템 구성요소,Information System Component,N2SF-IN-16,악성코드 감염 차단,기본,,●,●,●
