식별번호,통제군,유형,LOW,MODERATE,HIGH,베이스라인 해당여부
ac-1,AC,base,Y,Y,Y,LMH
ac-2,AC,base,Y,Y,Y,LMH
ac-2.1,AC,enhancement,,Y,Y,MH
ac-2.2,AC,enhancement,,Y,Y,MH
ac-2.3,AC,enhancement,,Y,Y,MH
ac-2.4,AC,enhancement,,Y,Y,MH
ac-2.5,AC,enhancement,,Y,Y,MH
ac-2.6,AC,enhancement,,,,none
ac-2.7,AC,enhancement,,,,none
ac-2.8,AC,enhancement,,,,none
ac-2.9,AC,enhancement,,,,none
ac-2.10,AC,enhancement,,,,none
ac-2.11,AC,enhancement,,,Y,H
ac-2.12,AC,enhancement,,,Y,H
ac-2.13,AC,enhancement,,Y,Y,MH
ac-3,AC,base,Y,Y,Y,LMH
ac-3.1,AC,enhancement,,,,none
ac-3.2,AC,enhancement,,,,none
ac-3.3,AC,enhancement,,,,none
ac-3.4,AC,enhancement,,,,none
ac-3.5,AC,enhancement,,,,none
ac-3.6,AC,enhancement,,,,none
ac-3.7,AC,enhancement,,,,none
ac-3.8,AC,enhancement,,,,none
ac-3.9,AC,enhancement,,,,none
ac-3.10,AC,enhancement,,,,none
ac-3.11,AC,enhancement,,,,none
ac-3.12,AC,enhancement,,,,none
ac-3.13,AC,enhancement,,,,none
ac-3.14,AC,enhancement,,,,none
ac-3.15,AC,enhancement,,,,none
ac-4,AC,base,,Y,Y,MH
ac-4.1,AC,enhancement,,,,none
ac-4.2,AC,enhancement,,,,none
ac-4.3,AC,enhancement,,,,none
ac-4.4,AC,enhancement,,,Y,H
ac-4.5,AC,enhancement,,,,none
ac-4.6,AC,enhancement,,,,none
ac-4.7,AC,enhancement,,,,none
ac-4.8,AC,enhancement,,,,none
ac-4.9,AC,enhancement,,,,none
ac-4.10,AC,enhancement,,,,none
ac-4.11,AC,enhancement,,,,none
ac-4.12,AC,enhancement,,,,none
ac-4.13,AC,enhancement,,,,none
ac-4.14,AC,enhancement,,,,none
ac-4.15,AC,enhancement,,,,none
ac-4.16,AC,enhancement,,,,none
ac-4.17,AC,enhancement,,,,none
ac-4.18,AC,enhancement,,,,none
ac-4.19,AC,enhancement,,,,none
ac-4.20,AC,enhancement,,,,none
ac-4.21,AC,enhancement,,,,none
ac-4.22,AC,enhancement,,,,none
ac-4.23,AC,enhancement,,,,none
ac-4.24,AC,enhancement,,,,none
ac-4.25,AC,enhancement,,,,none
ac-4.26,AC,enhancement,,,,none
ac-4.27,AC,enhancement,,,,none
ac-4.28,AC,enhancement,,,,none
ac-4.29,AC,enhancement,,,,none
ac-4.30,AC,enhancement,,,,none
ac-4.31,AC,enhancement,,,,none
ac-4.32,AC,enhancement,,,,none
ac-5,AC,base,,Y,Y,MH
ac-6,AC,base,,Y,Y,MH
ac-6.1,AC,enhancement,,Y,Y,MH
ac-6.2,AC,enhancement,,Y,Y,MH
ac-6.3,AC,enhancement,,,Y,H
ac-6.4,AC,enhancement,,,,none
ac-6.5,AC,enhancement,,Y,Y,MH
ac-6.6,AC,enhancement,,,,none
ac-6.7,AC,enhancement,,Y,Y,MH
ac-6.8,AC,enhancement,,,,none
ac-6.9,AC,enhancement,,Y,Y,MH
ac-6.10,AC,enhancement,,Y,Y,MH
ac-7,AC,base,Y,Y,Y,LMH
ac-7.1,AC,enhancement,,,,none
ac-7.2,AC,enhancement,,,,none
ac-7.3,AC,enhancement,,,,none
ac-7.4,AC,enhancement,,,,none
ac-8,AC,base,Y,Y,Y,LMH
ac-9,AC,base,,,,none
ac-9.1,AC,enhancement,,,,none
ac-9.2,AC,enhancement,,,,none
ac-9.3,AC,enhancement,,,,none
ac-9.4,AC,enhancement,,,,none
ac-10,AC,base,,,Y,H
ac-11,AC,base,,Y,Y,MH
ac-11.1,AC,enhancement,,Y,Y,MH
ac-12,AC,base,,Y,Y,MH
ac-12.1,AC,enhancement,,,,none
ac-12.2,AC,enhancement,,,,none
ac-12.3,AC,enhancement,,,,none
ac-13,AC,base,,,,none
ac-14,AC,base,Y,Y,Y,LMH
ac-14.1,AC,enhancement,,,,none
ac-15,AC,base,,,,none
ac-16,AC,base,,,,none
ac-16.1,AC,enhancement,,,,none
ac-16.2,AC,enhancement,,,,none
ac-16.3,AC,enhancement,,,,none
ac-16.4,AC,enhancement,,,,none
ac-16.5,AC,enhancement,,,,none
ac-16.6,AC,enhancement,,,,none
ac-16.7,AC,enhancement,,,,none
ac-16.8,AC,enhancement,,,,none
ac-16.9,AC,enhancement,,,,none
ac-16.10,AC,enhancement,,,,none
ac-17,AC,base,Y,Y,Y,LMH
ac-17.1,AC,enhancement,,Y,Y,MH
ac-17.2,AC,enhancement,,Y,Y,MH
ac-17.3,AC,enhancement,,Y,Y,MH
ac-17.4,AC,enhancement,,Y,Y,MH
ac-17.5,AC,enhancement,,,,none
ac-17.6,AC,enhancement,,,,none
ac-17.7,AC,enhancement,,,,none
ac-17.8,AC,enhancement,,,,none
ac-17.9,AC,enhancement,,,,none
ac-17.10,AC,enhancement,,,,none
ac-18,AC,base,Y,Y,Y,LMH
ac-18.1,AC,enhancement,,Y,Y,MH
ac-18.2,AC,enhancement,,,,none
ac-18.3,AC,enhancement,,Y,Y,MH
ac-18.4,AC,enhancement,,,Y,H
ac-18.5,AC,enhancement,,,Y,H
ac-19,AC,base,Y,Y,Y,LMH
ac-19.1,AC,enhancement,,,,none
ac-19.2,AC,enhancement,,,,none
ac-19.3,AC,enhancement,,,,none
ac-19.4,AC,enhancement,,,,none
ac-19.5,AC,enhancement,,Y,Y,MH
ac-20,AC,base,Y,Y,Y,LMH
ac-20.1,AC,enhancement,,Y,Y,MH
ac-20.2,AC,enhancement,,Y,Y,MH
ac-20.3,AC,enhancement,,,,none
ac-20.4,AC,enhancement,,,,none
ac-20.5,AC,enhancement,,,,none
ac-21,AC,base,,Y,Y,MH
ac-21.1,AC,enhancement,,,,none
ac-21.2,AC,enhancement,,,,none
ac-22,AC,base,Y,Y,Y,LMH
ac-23,AC,base,,,,none
ac-24,AC,base,,,,none
ac-24.1,AC,enhancement,,,,none
ac-24.2,AC,enhancement,,,,none
ac-25,AC,base,,,,none
at-1,AT,base,Y,Y,Y,LMH
at-2,AT,base,Y,Y,Y,LMH
at-2.1,AT,enhancement,,,,none
at-2.2,AT,enhancement,Y,Y,Y,LMH
at-2.3,AT,enhancement,,Y,Y,MH
at-2.4,AT,enhancement,,,,none
at-2.5,AT,enhancement,,,,none
at-2.6,AT,enhancement,,,,none
at-3,AT,base,Y,Y,Y,LMH
at-3.1,AT,enhancement,,,,none
at-3.2,AT,enhancement,,,,none
at-3.3,AT,enhancement,,,,none
at-3.4,AT,enhancement,,,,none
at-3.5,AT,enhancement,,,,none
at-4,AT,base,Y,Y,Y,LMH
at-5,AT,base,,,,none
at-6,AT,base,,,,none
au-1,AU,base,Y,Y,Y,LMH
au-2,AU,base,Y,Y,Y,LMH
au-2.1,AU,enhancement,,,,none
au-2.2,AU,enhancement,,,,none
au-2.3,AU,enhancement,,,,none
au-2.4,AU,enhancement,,,,none
au-3,AU,base,Y,Y,Y,LMH
au-3.1,AU,enhancement,,Y,Y,MH
au-3.2,AU,enhancement,,,,none
au-3.3,AU,enhancement,,,,none
au-4,AU,base,Y,Y,Y,LMH
au-4.1,AU,enhancement,,,,none
au-5,AU,base,Y,Y,Y,LMH
au-5.1,AU,enhancement,,,Y,H
au-5.2,AU,enhancement,,,Y,H
au-5.3,AU,enhancement,,,,none
au-5.4,AU,enhancement,,,,none
au-5.5,AU,enhancement,,,,none
au-6,AU,base,Y,Y,Y,LMH
au-6.1,AU,enhancement,,Y,Y,MH
au-6.2,AU,enhancement,,,,none
au-6.3,AU,enhancement,,Y,Y,MH
au-6.4,AU,enhancement,,,,none
au-6.5,AU,enhancement,,,Y,H
au-6.6,AU,enhancement,,,Y,H
au-6.7,AU,enhancement,,,,none
au-6.8,AU,enhancement,,,,none
au-6.9,AU,enhancement,,,,none
au-6.10,AU,enhancement,,,,none
au-7,AU,base,,Y,Y,MH
au-7.1,AU,enhancement,,Y,Y,MH
au-7.2,AU,enhancement,,,,none
au-8,AU,base,Y,Y,Y,LMH
au-8.1,AU,enhancement,,,,none
au-8.2,AU,enhancement,,,,none
au-9,AU,base,Y,Y,Y,LMH
au-9.1,AU,enhancement,,,,none
au-9.2,AU,enhancement,,,Y,H
au-9.3,AU,enhancement,,,Y,H
au-9.4,AU,enhancement,,Y,Y,MH
au-9.5,AU,enhancement,,,,none
au-9.6,AU,enhancement,,,,none
au-9.7,AU,enhancement,,,,none
au-10,AU,base,,,Y,H
au-10.1,AU,enhancement,,,,none
au-10.2,AU,enhancement,,,,none
au-10.3,AU,enhancement,,,,none
au-10.4,AU,enhancement,,,,none
au-10.5,AU,enhancement,,,,none
au-11,AU,base,Y,Y,Y,LMH
au-11.1,AU,enhancement,,,,none
au-12,AU,base,Y,Y,Y,LMH
au-12.1,AU,enhancement,,,Y,H
au-12.2,AU,enhancement,,,,none
au-12.3,AU,enhancement,,,Y,H
au-12.4,AU,enhancement,,,,none
au-13,AU,base,,,,none
au-13.1,AU,enhancement,,,,none
au-13.2,AU,enhancement,,,,none
au-13.3,AU,enhancement,,,,none
au-14,AU,base,,,,none
au-14.1,AU,enhancement,,,,none
au-14.2,AU,enhancement,,,,none
au-14.3,AU,enhancement,,,,none
au-15,AU,base,,,,none
au-16,AU,base,,,,none
au-16.1,AU,enhancement,,,,none
au-16.2,AU,enhancement,,,,none
au-16.3,AU,enhancement,,,,none
ca-1,CA,base,Y,Y,Y,LMH
ca-2,CA,base,Y,Y,Y,LMH
ca-2.1,CA,enhancement,,Y,Y,MH
ca-2.2,CA,enhancement,,,Y,H
ca-2.3,CA,enhancement,,,,none
ca-3,CA,base,Y,Y,Y,LMH
ca-3.1,CA,enhancement,,,,none
ca-3.2,CA,enhancement,,,,none
ca-3.3,CA,enhancement,,,,none
ca-3.4,CA,enhancement,,,,none
ca-3.5,CA,enhancement,,,,none
ca-3.6,CA,enhancement,,,Y,H
ca-3.7,CA,enhancement,,,,none
ca-4,CA,base,,,,none
ca-5,CA,base,Y,Y,Y,LMH
ca-5.1,CA,enhancement,,,,none
ca-6,CA,base,Y,Y,Y,LMH
ca-6.1,CA,enhancement,,,,none
ca-6.2,CA,enhancement,,,,none
ca-7,CA,base,Y,Y,Y,LMH
ca-7.1,CA,enhancement,,Y,Y,MH
ca-7.2,CA,enhancement,,,,none
ca-7.3,CA,enhancement,,,,none
ca-7.4,CA,enhancement,Y,Y,Y,LMH
ca-7.5,CA,enhancement,,,,none
ca-7.6,CA,enhancement,,,,none
ca-8,CA,base,,,Y,H
ca-8.1,CA,enhancement,,,Y,H
ca-8.2,CA,enhancement,,,,none
ca-8.3,CA,enhancement,,,,none
ca-9,CA,base,Y,Y,Y,LMH
ca-9.1,CA,enhancement,,,,none
cm-1,CM,base,Y,Y,Y,LMH
cm-2,CM,base,Y,Y,Y,LMH
cm-2.1,CM,enhancement,,,,none
cm-2.2,CM,enhancement,,Y,Y,MH
cm-2.3,CM,enhancement,,Y,Y,MH
cm-2.4,CM,enhancement,,,,none
cm-2.5,CM,enhancement,,,,none
cm-2.6,CM,enhancement,,,,none
cm-2.7,CM,enhancement,,Y,Y,MH
cm-3,CM,base,,Y,Y,MH
cm-3.1,CM,enhancement,,,Y,H
cm-3.2,CM,enhancement,,Y,Y,MH
cm-3.3,CM,enhancement,,,,none
cm-3.4,CM,enhancement,,Y,Y,MH
cm-3.5,CM,enhancement,,,,none
cm-3.6,CM,enhancement,,,Y,H
cm-3.7,CM,enhancement,,,,none
cm-3.8,CM,enhancement,,,,none
cm-4,CM,base,Y,Y,Y,LMH
cm-4.1,CM,enhancement,,,Y,H
cm-4.2,CM,enhancement,,Y,Y,MH
cm-5,CM,base,Y,Y,Y,LMH
cm-5.1,CM,enhancement,,,Y,H
cm-5.2,CM,enhancement,,,,none
cm-5.3,CM,enhancement,,,,none
cm-5.4,CM,enhancement,,,,none
cm-5.5,CM,enhancement,,,,none
cm-5.6,CM,enhancement,,,,none
cm-5.7,CM,enhancement,,,,none
cm-6,CM,base,Y,Y,Y,LMH
cm-6.1,CM,enhancement,,,Y,H
cm-6.2,CM,enhancement,,,Y,H
cm-6.3,CM,enhancement,,,,none
cm-6.4,CM,enhancement,,,,none
cm-7,CM,base,Y,Y,Y,LMH
cm-7.1,CM,enhancement,,Y,Y,MH
cm-7.2,CM,enhancement,,Y,Y,MH
cm-7.3,CM,enhancement,,,,none
cm-7.4,CM,enhancement,,,,none
cm-7.5,CM,enhancement,,Y,Y,MH
cm-7.6,CM,enhancement,,,,none
cm-7.7,CM,enhancement,,,,none
cm-7.8,CM,enhancement,,,,none
cm-7.9,CM,enhancement,,,,none
cm-8,CM,base,Y,Y,Y,LMH
cm-8.1,CM,enhancement,,Y,Y,MH
cm-8.2,CM,enhancement,,,Y,H
cm-8.3,CM,enhancement,,Y,Y,MH
cm-8.4,CM,enhancement,,,Y,H
cm-8.5,CM,enhancement,,,,none
cm-8.6,CM,enhancement,,,,none
cm-8.7,CM,enhancement,,,,none
cm-8.8,CM,enhancement,,,,none
cm-8.9,CM,enhancement,,,,none
cm-9,CM,base,,Y,Y,MH
cm-9.1,CM,enhancement,,,,none
cm-10,CM,base,Y,Y,Y,LMH
cm-10.1,CM,enhancement,,,,none
cm-11,CM,base,Y,Y,Y,LMH
cm-11.1,CM,enhancement,,,,none
cm-11.2,CM,enhancement,,,,none
cm-11.3,CM,enhancement,,,,none
cm-12,CM,base,,Y,Y,MH
cm-12.1,CM,enhancement,,Y,Y,MH
cm-13,CM,base,,,,none
cm-14,CM,base,,,,none
cp-1,CP,base,Y,Y,Y,LMH
cp-2,CP,base,Y,Y,Y,LMH
cp-2.1,CP,enhancement,,Y,Y,MH
cp-2.2,CP,enhancement,,,Y,H
cp-2.3,CP,enhancement,,Y,Y,MH
cp-2.4,CP,enhancement,,,,none
cp-2.5,CP,enhancement,,,Y,H
cp-2.6,CP,enhancement,,,,none
cp-2.7,CP,enhancement,,,,none
cp-2.8,CP,enhancement,,Y,Y,MH
cp-3,CP,base,Y,Y,Y,LMH
cp-3.1,CP,enhancement,,,Y,H
cp-3.2,CP,enhancement,,,,none
cp-4,CP,base,Y,Y,Y,LMH
cp-4.1,CP,enhancement,,Y,Y,MH
cp-4.2,CP,enhancement,,,Y,H
cp-4.3,CP,enhancement,,,,none
cp-4.4,CP,enhancement,,,,none
cp-4.5,CP,enhancement,,,,none
cp-5,CP,base,,,,none
cp-6,CP,base,,Y,Y,MH
cp-6.1,CP,enhancement,,Y,Y,MH
cp-6.2,CP,enhancement,,,Y,H
cp-6.3,CP,enhancement,,Y,Y,MH
cp-7,CP,base,,Y,Y,MH
cp-7.1,CP,enhancement,,Y,Y,MH
cp-7.2,CP,enhancement,,Y,Y,MH
cp-7.3,CP,enhancement,,Y,Y,MH
cp-7.4,CP,enhancement,,,Y,H
cp-7.5,CP,enhancement,,,,none
cp-7.6,CP,enhancement,,,,none
cp-8,CP,base,,Y,Y,MH
cp-8.1,CP,enhancement,,Y,Y,MH
cp-8.2,CP,enhancement,,Y,Y,MH
cp-8.3,CP,enhancement,,,Y,H
cp-8.4,CP,enhancement,,,Y,H
cp-8.5,CP,enhancement,,,,none
cp-9,CP,base,Y,Y,Y,LMH
cp-9.1,CP,enhancement,,Y,Y,MH
cp-9.2,CP,enhancement,,,Y,H
cp-9.3,CP,enhancement,,,Y,H
cp-9.4,CP,enhancement,,,,none
cp-9.5,CP,enhancement,,,Y,H
cp-9.6,CP,enhancement,,,,none
cp-9.7,CP,enhancement,,,,none
cp-9.8,CP,enhancement,,Y,Y,MH
cp-10,CP,base,Y,Y,Y,LMH
cp-10.1,CP,enhancement,,,,none
cp-10.2,CP,enhancement,,Y,Y,MH
cp-10.3,CP,enhancement,,,,none
cp-10.4,CP,enhancement,,,Y,H
cp-10.5,CP,enhancement,,,,none
cp-10.6,CP,enhancement,,,,none
cp-11,CP,base,,,,none
cp-12,CP,base,,,,none
cp-13,CP,base,,,,none
ia-1,IA,base,Y,Y,Y,LMH
ia-2,IA,base,Y,Y,Y,LMH
ia-2.1,IA,enhancement,Y,Y,Y,LMH
ia-2.2,IA,enhancement,Y,Y,Y,LMH
ia-2.3,IA,enhancement,,,,none
ia-2.4,IA,enhancement,,,,none
ia-2.5,IA,enhancement,,,Y,H
ia-2.6,IA,enhancement,,,,none
ia-2.7,IA,enhancement,,,,none
ia-2.8,IA,enhancement,Y,Y,Y,LMH
ia-2.9,IA,enhancement,,,,none
ia-2.10,IA,enhancement,,,,none
ia-2.11,IA,enhancement,,,,none
ia-2.12,IA,enhancement,Y,Y,Y,LMH
ia-2.13,IA,enhancement,,,,none
ia-3,IA,base,,Y,Y,MH
ia-3.1,IA,enhancement,,,,none
ia-3.2,IA,enhancement,,,,none
ia-3.3,IA,enhancement,,,,none
ia-3.4,IA,enhancement,,,,none
ia-4,IA,base,Y,Y,Y,LMH
ia-4.1,IA,enhancement,,,,none
ia-4.2,IA,enhancement,,,,none
ia-4.3,IA,enhancement,,,,none
ia-4.4,IA,enhancement,,Y,Y,MH
ia-4.5,IA,enhancement,,,,none
ia-4.6,IA,enhancement,,,,none
ia-4.7,IA,enhancement,,,,none
ia-4.8,IA,enhancement,,,,none
ia-4.9,IA,enhancement,,,,none
ia-5,IA,base,Y,Y,Y,LMH
ia-5.1,IA,enhancement,Y,Y,Y,LMH
ia-5.2,IA,enhancement,,Y,Y,MH
ia-5.3,IA,enhancement,,,,none
ia-5.4,IA,enhancement,,,,none
ia-5.5,IA,enhancement,,,,none
ia-5.6,IA,enhancement,,Y,Y,MH
ia-5.7,IA,enhancement,,,,none
ia-5.8,IA,enhancement,,,,none
ia-5.9,IA,enhancement,,,,none
ia-5.10,IA,enhancement,,,,none
ia-5.11,IA,enhancement,,,,none
ia-5.12,IA,enhancement,,,,none
ia-5.13,IA,enhancement,,,,none
ia-5.14,IA,enhancement,,,,none
ia-5.15,IA,enhancement,,,,none
ia-5.16,IA,enhancement,,,,none
ia-5.17,IA,enhancement,,,,none
ia-5.18,IA,enhancement,,,,none
ia-6,IA,base,Y,Y,Y,LMH
ia-7,IA,base,Y,Y,Y,LMH
ia-8,IA,base,Y,Y,Y,LMH
ia-8.1,IA,enhancement,Y,Y,Y,LMH
ia-8.2,IA,enhancement,Y,Y,Y,LMH
ia-8.3,IA,enhancement,,,,none
ia-8.4,IA,enhancement,Y,Y,Y,LMH
ia-8.5,IA,enhancement,,,,none
ia-8.6,IA,enhancement,,,,none
ia-9,IA,base,,,,none
ia-9.1,IA,enhancement,,,,none
ia-9.2,IA,enhancement,,,,none
ia-10,IA,base,,,,none
ia-11,IA,base,Y,Y,Y,LMH
ia-12,IA,base,,Y,Y,MH
ia-12.1,IA,enhancement,,,,none
ia-12.2,IA,enhancement,,Y,Y,MH
ia-12.3,IA,enhancement,,Y,Y,MH
ia-12.4,IA,enhancement,,,Y,H
ia-12.5,IA,enhancement,,Y,Y,MH
ia-12.6,IA,enhancement,,,,none
ia-13,IA,base,,,,none
ia-13.1,IA,enhancement,,,,none
ia-13.2,IA,enhancement,,,,none
ia-13.3,IA,enhancement,,,,none
ir-1,IR,base,Y,Y,Y,LMH
ir-2,IR,base,Y,Y,Y,LMH
ir-2.1,IR,enhancement,,,Y,H
ir-2.2,IR,enhancement,,,Y,H
ir-2.3,IR,enhancement,,,,none
ir-3,IR,base,,Y,Y,MH
ir-3.1,IR,enhancement,,,,none
ir-3.2,IR,enhancement,,Y,Y,MH
ir-3.3,IR,enhancement,,,,none
ir-4,IR,base,Y,Y,Y,LMH
ir-4.1,IR,enhancement,,Y,Y,MH
ir-4.2,IR,enhancement,,,,none
ir-4.3,IR,enhancement,,,,none
ir-4.4,IR,enhancement,,,Y,H
ir-4.5,IR,enhancement,,,,none
ir-4.6,IR,enhancement,,,,none
ir-4.7,IR,enhancement,,,,none
ir-4.8,IR,enhancement,,,,none
ir-4.9,IR,enhancement,,,,none
ir-4.10,IR,enhancement,,,,none
ir-4.11,IR,enhancement,,,Y,H
ir-4.12,IR,enhancement,,,,none
ir-4.13,IR,enhancement,,,,none
ir-4.14,IR,enhancement,,,,none
ir-4.15,IR,enhancement,,,,none
ir-5,IR,base,Y,Y,Y,LMH
ir-5.1,IR,enhancement,,,Y,H
ir-6,IR,base,Y,Y,Y,LMH
ir-6.1,IR,enhancement,,Y,Y,MH
ir-6.2,IR,enhancement,,,,none
ir-6.3,IR,enhancement,,Y,Y,MH
ir-7,IR,base,Y,Y,Y,LMH
ir-7.1,IR,enhancement,,Y,Y,MH
ir-7.2,IR,enhancement,,,,none
ir-8,IR,base,Y,Y,Y,LMH
ir-8.1,IR,enhancement,,,,none
ir-9,IR,base,,,,none
ir-9.1,IR,enhancement,,,,none
ir-9.2,IR,enhancement,,,,none
ir-9.3,IR,enhancement,,,,none
ir-9.4,IR,enhancement,,,,none
ir-10,IR,base,,,,none
ma-1,MA,base,Y,Y,Y,LMH
ma-2,MA,base,Y,Y,Y,LMH
ma-2.1,MA,enhancement,,,,none
ma-2.2,MA,enhancement,,,Y,H
ma-3,MA,base,,Y,Y,MH
ma-3.1,MA,enhancement,,Y,Y,MH
ma-3.2,MA,enhancement,,Y,Y,MH
ma-3.3,MA,enhancement,,Y,Y,MH
ma-3.4,MA,enhancement,,,,none
ma-3.5,MA,enhancement,,,,none
ma-3.6,MA,enhancement,,,,none
ma-4,MA,base,Y,Y,Y,LMH
ma-4.1,MA,enhancement,,,,none
ma-4.2,MA,enhancement,,,,none
ma-4.3,MA,enhancement,,,Y,H
ma-4.4,MA,enhancement,,,,none
ma-4.5,MA,enhancement,,,,none
ma-4.6,MA,enhancement,,,,none
ma-4.7,MA,enhancement,,,,none
ma-5,MA,base,Y,Y,Y,LMH
ma-5.1,MA,enhancement,,,Y,H
ma-5.2,MA,enhancement,,,,none
ma-5.3,MA,enhancement,,,,none
ma-5.4,MA,enhancement,,,,none
ma-5.5,MA,enhancement,,,,none
ma-6,MA,base,,Y,Y,MH
ma-6.1,MA,enhancement,,,,none
ma-6.2,MA,enhancement,,,,none
ma-6.3,MA,enhancement,,,,none
ma-7,MA,base,,,,none
mp-1,MP,base,Y,Y,Y,LMH
mp-2,MP,base,Y,Y,Y,LMH
mp-2.1,MP,enhancement,,,,none
mp-2.2,MP,enhancement,,,,none
mp-3,MP,base,,Y,Y,MH
mp-4,MP,base,,Y,Y,MH
mp-4.1,MP,enhancement,,,,none
mp-4.2,MP,enhancement,,,,none
mp-5,MP,base,,Y,Y,MH
mp-5.1,MP,enhancement,,,,none
mp-5.2,MP,enhancement,,,,none
mp-5.3,MP,enhancement,,,,none
mp-5.4,MP,enhancement,,,,none
mp-6,MP,base,Y,Y,Y,LMH
mp-6.1,MP,enhancement,,,Y,H
mp-6.2,MP,enhancement,,,Y,H
mp-6.3,MP,enhancement,,,Y,H
mp-6.4,MP,enhancement,,,,none
mp-6.5,MP,enhancement,,,,none
mp-6.6,MP,enhancement,,,,none
mp-6.7,MP,enhancement,,,,none
mp-6.8,MP,enhancement,,,,none
mp-7,MP,base,Y,Y,Y,LMH
mp-7.1,MP,enhancement,,,,none
mp-7.2,MP,enhancement,,,,none
mp-8,MP,base,,,,none
mp-8.1,MP,enhancement,,,,none
mp-8.2,MP,enhancement,,,,none
mp-8.3,MP,enhancement,,,,none
mp-8.4,MP,enhancement,,,,none
pe-1,PE,base,Y,Y,Y,LMH
pe-2,PE,base,Y,Y,Y,LMH
pe-2.1,PE,enhancement,,,,none
pe-2.2,PE,enhancement,,,,none
pe-2.3,PE,enhancement,,,,none
pe-3,PE,base,Y,Y,Y,LMH
pe-3.1,PE,enhancement,,,Y,H
pe-3.2,PE,enhancement,,,,none
pe-3.3,PE,enhancement,,,,none
pe-3.4,PE,enhancement,,,,none
pe-3.5,PE,enhancement,,,,none
pe-3.6,PE,enhancement,,,,none
pe-3.7,PE,enhancement,,,,none
pe-3.8,PE,enhancement,,,,none
pe-4,PE,base,,Y,Y,MH
pe-5,PE,base,,Y,Y,MH
pe-5.1,PE,enhancement,,,,none
pe-5.2,PE,enhancement,,,,none
pe-5.3,PE,enhancement,,,,none
pe-6,PE,base,Y,Y,Y,LMH
pe-6.1,PE,enhancement,,Y,Y,MH
pe-6.2,PE,enhancement,,,,none
pe-6.3,PE,enhancement,,,,none
pe-6.4,PE,enhancement,,,Y,H
pe-7,PE,base,,,,none
pe-8,PE,base,Y,Y,Y,LMH
pe-8.1,PE,enhancement,,,Y,H
pe-8.2,PE,enhancement,,,,none
pe-8.3,PE,enhancement,,,,none
pe-9,PE,base,,Y,Y,MH
pe-9.1,PE,enhancement,,,,none
pe-9.2,PE,enhancement,,,,none
pe-10,PE,base,,Y,Y,MH
pe-10.1,PE,enhancement,,,,none
pe-11,PE,base,,Y,Y,MH
pe-11.1,PE,enhancement,,,Y,H
pe-11.2,PE,enhancement,,,,none
pe-12,PE,base,Y,Y,Y,LMH
pe-12.1,PE,enhancement,,,,none
pe-13,PE,base,Y,Y,Y,LMH
pe-13.1,PE,enhancement,,Y,Y,MH
pe-13.2,PE,enhancement,,,Y,H
pe-13.3,PE,enhancement,,,,none
pe-13.4,PE,enhancement,,,,none
pe-14,PE,base,Y,Y,Y,LMH
pe-14.1,PE,enhancement,,,,none
pe-14.2,PE,enhancement,,,,none
pe-15,PE,base,Y,Y,Y,LMH
pe-15.1,PE,enhancement,,,Y,H
pe-16,PE,base,Y,Y,Y,LMH
pe-17,PE,base,,Y,Y,MH
pe-18,PE,base,,,Y,H
pe-18.1,PE,enhancement,,,,none
pe-19,PE,base,,,,none
pe-19.1,PE,enhancement,,,,none
pe-20,PE,base,,,,none
pe-21,PE,base,,,,none
pe-22,PE,base,,,,none
pe-23,PE,base,,,,none
pl-1,PL,base,Y,Y,Y,LMH
pl-2,PL,base,Y,Y,Y,LMH
pl-2.1,PL,enhancement,,,,none
pl-2.2,PL,enhancement,,,,none
pl-2.3,PL,enhancement,,,,none
pl-3,PL,base,,,,none
pl-4,PL,base,Y,Y,Y,LMH
pl-4.1,PL,enhancement,Y,Y,Y,LMH
pl-5,PL,base,,,,none
pl-6,PL,base,,,,none
pl-7,PL,base,,,,none
pl-8,PL,base,,Y,Y,MH
pl-8.1,PL,enhancement,,,,none
pl-8.2,PL,enhancement,,,,none
pl-9,PL,base,,,,none
pl-10,PL,base,Y,Y,Y,LMH
pl-11,PL,base,Y,Y,Y,LMH
pm-1,PM,base,,,,none
pm-2,PM,base,,,,none
pm-3,PM,base,,,,none
pm-4,PM,base,,,,none
pm-5,PM,base,,,,none
pm-5.1,PM,enhancement,,,,none
pm-6,PM,base,,,,none
pm-7,PM,base,,,,none
pm-7.1,PM,enhancement,,,,none
pm-8,PM,base,,,,none
pm-9,PM,base,,,,none
pm-10,PM,base,,,,none
pm-11,PM,base,,,,none
pm-12,PM,base,,,,none
pm-13,PM,base,,,,none
pm-14,PM,base,,,,none
pm-15,PM,base,,,,none
pm-16,PM,base,,,,none
pm-16.1,PM,enhancement,,,,none
pm-17,PM,base,,,,none
pm-18,PM,base,,,,none
pm-19,PM,base,,,,none
pm-20,PM,base,,,,none
pm-20.1,PM,enhancement,,,,none
pm-21,PM,base,,,,none
pm-22,PM,base,,,,none
pm-23,PM,base,,,,none
pm-24,PM,base,,,,none
pm-25,PM,base,,,,none
pm-26,PM,base,,,,none
pm-27,PM,base,,,,none
pm-28,PM,base,,,,none
pm-29,PM,base,,,,none
pm-30,PM,base,,,,none
pm-30.1,PM,enhancement,,,,none
pm-31,PM,base,,,,none
pm-32,PM,base,,,,none
ps-1,PS,base,Y,Y,Y,LMH
ps-2,PS,base,Y,Y,Y,LMH
ps-3,PS,base,Y,Y,Y,LMH
ps-3.1,PS,enhancement,,,,none
ps-3.2,PS,enhancement,,,,none
ps-3.3,PS,enhancement,,,,none
ps-3.4,PS,enhancement,,,,none
ps-4,PS,base,Y,Y,Y,LMH
ps-4.1,PS,enhancement,,,,none
ps-4.2,PS,enhancement,,,Y,H
ps-5,PS,base,Y,Y,Y,LMH
ps-6,PS,base,Y,Y,Y,LMH
ps-6.1,PS,enhancement,,,,none
ps-6.2,PS,enhancement,,,,none
ps-6.3,PS,enhancement,,,,none
ps-7,PS,base,Y,Y,Y,LMH
ps-8,PS,base,Y,Y,Y,LMH
ps-9,PS,base,Y,Y,Y,LMH
pt-1,PT,base,,,,none
pt-2,PT,base,,,,none
pt-2.1,PT,enhancement,,,,none
pt-2.2,PT,enhancement,,,,none
pt-3,PT,base,,,,none
pt-3.1,PT,enhancement,,,,none
pt-3.2,PT,enhancement,,,,none
pt-4,PT,base,,,,none
pt-4.1,PT,enhancement,,,,none
pt-4.2,PT,enhancement,,,,none
pt-4.3,PT,enhancement,,,,none
pt-5,PT,base,,,,none
pt-5.1,PT,enhancement,,,,none
pt-5.2,PT,enhancement,,,,none
pt-6,PT,base,,,,none
pt-6.1,PT,enhancement,,,,none
pt-6.2,PT,enhancement,,,,none
pt-7,PT,base,,,,none
pt-7.1,PT,enhancement,,,,none
pt-7.2,PT,enhancement,,,,none
pt-8,PT,base,,,,none
ra-1,RA,base,Y,Y,Y,LMH
ra-2,RA,base,Y,Y,Y,LMH
ra-2.1,RA,enhancement,,,,none
ra-3,RA,base,Y,Y,Y,LMH
ra-3.1,RA,enhancement,Y,Y,Y,LMH
ra-3.2,RA,enhancement,,,,none
ra-3.3,RA,enhancement,,,,none
ra-3.4,RA,enhancement,,,,none
ra-4,RA,base,,,,none
ra-5,RA,base,Y,Y,Y,LMH
ra-5.1,RA,enhancement,,,,none
ra-5.2,RA,enhancement,Y,Y,Y,LMH
ra-5.3,RA,enhancement,,,,none
ra-5.4,RA,enhancement,,,Y,H
ra-5.5,RA,enhancement,,Y,Y,MH
ra-5.6,RA,enhancement,,,,none
ra-5.7,RA,enhancement,,,,none
ra-5.8,RA,enhancement,,,,none
ra-5.9,RA,enhancement,,,,none
ra-5.10,RA,enhancement,,,,none
ra-5.11,RA,enhancement,Y,Y,Y,LMH
ra-6,RA,base,,,,none
ra-7,RA,base,Y,Y,Y,LMH
ra-8,RA,base,,,,none
ra-9,RA,base,,Y,Y,MH
ra-10,RA,base,,,,none
sa-1,SA,base,Y,Y,Y,LMH
sa-2,SA,base,Y,Y,Y,LMH
sa-3,SA,base,Y,Y,Y,LMH
sa-3.1,SA,enhancement,,,,none
sa-3.2,SA,enhancement,,,,none
sa-3.3,SA,enhancement,,,,none
sa-4,SA,base,Y,Y,Y,LMH
sa-4.1,SA,enhancement,,Y,Y,MH
sa-4.2,SA,enhancement,,Y,Y,MH
sa-4.3,SA,enhancement,,,,none
sa-4.4,SA,enhancement,,,,none
sa-4.5,SA,enhancement,,,Y,H
sa-4.6,SA,enhancement,,,,none
sa-4.7,SA,enhancement,,,,none
sa-4.8,SA,enhancement,,,,none
sa-4.9,SA,enhancement,,Y,Y,MH
sa-4.10,SA,enhancement,Y,Y,Y,LMH
sa-4.11,SA,enhancement,,,,none
sa-4.12,SA,enhancement,,,,none
sa-5,SA,base,Y,Y,Y,LMH
sa-5.1,SA,enhancement,,,,none
sa-5.2,SA,enhancement,,,,none
sa-5.3,SA,enhancement,,,,none
sa-5.4,SA,enhancement,,,,none
sa-5.5,SA,enhancement,,,,none
sa-6,SA,base,,,,none
sa-7,SA,base,,,,none
sa-8,SA,base,Y,Y,Y,LMH
sa-8.1,SA,enhancement,,,,none
sa-8.2,SA,enhancement,,,,none
sa-8.3,SA,enhancement,,,,none
sa-8.4,SA,enhancement,,,,none
sa-8.5,SA,enhancement,,,,none
sa-8.6,SA,enhancement,,,,none
sa-8.7,SA,enhancement,,,,none
sa-8.8,SA,enhancement,,,,none
sa-8.9,SA,enhancement,,,,none
sa-8.10,SA,enhancement,,,,none
sa-8.11,SA,enhancement,,,,none
sa-8.12,SA,enhancement,,,,none
sa-8.13,SA,enhancement,,,,none
sa-8.14,SA,enhancement,,,,none
sa-8.15,SA,enhancement,,,,none
sa-8.16,SA,enhancement,,,,none
sa-8.17,SA,enhancement,,,,none
sa-8.18,SA,enhancement,,,,none
sa-8.19,SA,enhancement,,,,none
sa-8.20,SA,enhancement,,,,none
sa-8.21,SA,enhancement,,,,none
sa-8.22,SA,enhancement,,,,none
sa-8.23,SA,enhancement,,,,none
sa-8.24,SA,enhancement,,,,none
sa-8.25,SA,enhancement,,,,none
sa-8.26,SA,enhancement,,,,none
sa-8.27,SA,enhancement,,,,none
sa-8.28,SA,enhancement,,,,none
sa-8.29,SA,enhancement,,,,none
sa-8.30,SA,enhancement,,,,none
sa-8.31,SA,enhancement,,,,none
sa-8.32,SA,enhancement,,,,none
sa-8.33,SA,enhancement,,,,none
sa-9,SA,base,Y,Y,Y,LMH
sa-9.1,SA,enhancement,,,,none
sa-9.2,SA,enhancement,,Y,Y,MH
sa-9.3,SA,enhancement,,,,none
sa-9.4,SA,enhancement,,,,none
sa-9.5,SA,enhancement,,,,none
sa-9.6,SA,enhancement,,,,none
sa-9.7,SA,enhancement,,,,none
sa-9.8,SA,enhancement,,,,none
sa-10,SA,base,,Y,Y,MH
sa-10.1,SA,enhancement,,,,none
sa-10.2,SA,enhancement,,,,none
sa-10.3,SA,enhancement,,,,none
sa-10.4,SA,enhancement,,,,none
sa-10.5,SA,enhancement,,,,none
sa-10.6,SA,enhancement,,,,none
sa-10.7,SA,enhancement,,,,none
sa-11,SA,base,,Y,Y,MH
sa-11.1,SA,enhancement,,,,none
sa-11.2,SA,enhancement,,,,none
sa-11.3,SA,enhancement,,,,none
sa-11.4,SA,enhancement,,,,none
sa-11.5,SA,enhancement,,,,none
sa-11.6,SA,enhancement,,,,none
sa-11.7,SA,enhancement,,,,none
sa-11.8,SA,enhancement,,,,none
sa-11.9,SA,enhancement,,,,none
sa-12,SA,base,,,,none
sa-12.1,SA,enhancement,,,,none
sa-12.2,SA,enhancement,,,,none
sa-12.3,SA,enhancement,,,,none
sa-12.4,SA,enhancement,,,,none
sa-12.5,SA,enhancement,,,,none
sa-12.6,SA,enhancement,,,,none
sa-12.7,SA,enhancement,,,,none
sa-12.8,SA,enhancement,,,,none
sa-12.9,SA,enhancement,,,,none
sa-12.10,SA,enhancement,,,,none
sa-12.11,SA,enhancement,,,,none
sa-12.12,SA,enhancement,,,,none
sa-12.13,SA,enhancement,,,,none
sa-12.14,SA,enhancement,,,,none
sa-12.15,SA,enhancement,,,,none
sa-13,SA,base,,,,none
sa-14,SA,base,,,,none
sa-14.1,SA,enhancement,,,,none
sa-15,SA,base,,Y,Y,MH
sa-15.1,SA,enhancement,,,,none
sa-15.2,SA,enhancement,,,,none
sa-15.3,SA,enhancement,,Y,Y,MH
sa-15.4,SA,enhancement,,,,none
sa-15.5,SA,enhancement,,,,none
sa-15.6,SA,enhancement,,,,none
sa-15.7,SA,enhancement,,,,none
sa-15.8,SA,enhancement,,,,none
sa-15.9,SA,enhancement,,,,none
sa-15.10,SA,enhancement,,,,none
sa-15.11,SA,enhancement,,,,none
sa-15.12,SA,enhancement,,,,none
sa-15.13,SA,enhancement,,,,none
sa-16,SA,base,,,Y,H
sa-17,SA,base,,,Y,H
sa-17.1,SA,enhancement,,,,none
sa-17.2,SA,enhancement,,,,none
sa-17.3,SA,enhancement,,,,none
sa-17.4,SA,enhancement,,,,none
sa-17.5,SA,enhancement,,,,none
sa-17.6,SA,enhancement,,,,none
sa-17.7,SA,enhancement,,,,none
sa-17.8,SA,enhancement,,,,none
sa-17.9,SA,enhancement,,,,none
sa-18,SA,base,,,,none
sa-18.1,SA,enhancement,,,,none
sa-18.2,SA,enhancement,,,,none
sa-19,SA,base,,,,none
sa-19.1,SA,enhancement,,,,none
sa-19.2,SA,enhancement,,,,none
sa-19.3,SA,enhancement,,,,none
sa-19.4,SA,enhancement,,,,none
sa-20,SA,base,,,,none
sa-21,SA,base,,,Y,H
sa-21.1,SA,enhancement,,,,none
sa-22,SA,base,Y,Y,Y,LMH
sa-22.1,SA,enhancement,,,,none
sa-23,SA,base,,,,none
sa-24,SA,base,,,,none
sc-1,SC,base,Y,Y,Y,LMH
sc-2,SC,base,,Y,Y,MH
sc-2.1,SC,enhancement,,,,none
sc-2.2,SC,enhancement,,,,none
sc-3,SC,base,,,Y,H
sc-3.1,SC,enhancement,,,,none
sc-3.2,SC,enhancement,,,,none
sc-3.3,SC,enhancement,,,,none
sc-3.4,SC,enhancement,,,,none
sc-3.5,SC,enhancement,,,,none
sc-4,SC,base,,Y,Y,MH
sc-4.1,SC,enhancement,,,,none
sc-4.2,SC,enhancement,,,,none
sc-5,SC,base,Y,Y,Y,LMH
sc-5.1,SC,enhancement,,,,none
sc-5.2,SC,enhancement,,,,none
sc-5.3,SC,enhancement,,,,none
sc-6,SC,base,,,,none
sc-7,SC,base,Y,Y,Y,LMH
sc-7.1,SC,enhancement,,,,none
sc-7.2,SC,enhancement,,,,none
sc-7.3,SC,enhancement,,Y,Y,MH
sc-7.4,SC,enhancement,,Y,Y,MH
sc-7.5,SC,enhancement,,Y,Y,MH
sc-7.6,SC,enhancement,,,,none
sc-7.7,SC,enhancement,,Y,Y,MH
sc-7.8,SC,enhancement,,Y,Y,MH
sc-7.9,SC,enhancement,,,,none
sc-7.10,SC,enhancement,,,,none
sc-7.11,SC,enhancement,,,,none
sc-7.12,SC,enhancement,,,,none
sc-7.13,SC,enhancement,,,,none
sc-7.14,SC,enhancement,,,,none
sc-7.15,SC,enhancement,,,,none
sc-7.16,SC,enhancement,,,,none
sc-7.17,SC,enhancement,,,,none
sc-7.18,SC,enhancement,,,Y,H
sc-7.19,SC,enhancement,,,,none
sc-7.20,SC,enhancement,,,,none
sc-7.21,SC,enhancement,,,Y,H
sc-7.22,SC,enhancement,,,,none
sc-7.23,SC,enhancement,,,,none
sc-7.24,SC,enhancement,,,,none
sc-7.25,SC,enhancement,,,,none
sc-7.26,SC,enhancement,,,,none
sc-7.27,SC,enhancement,,,,none
sc-7.28,SC,enhancement,,,,none
sc-7.29,SC,enhancement,,,,none
sc-8,SC,base,,Y,Y,MH
sc-8.1,SC,enhancement,,Y,Y,MH
sc-8.2,SC,enhancement,,,,none
sc-8.3,SC,enhancement,,,,none
sc-8.4,SC,enhancement,,,,none
sc-8.5,SC,enhancement,,,,none
sc-9,SC,base,,,,none
sc-10,SC,base,,Y,Y,MH
sc-11,SC,base,,,,none
sc-11.1,SC,enhancement,,,,none
sc-12,SC,base,Y,Y,Y,LMH
sc-12.1,SC,enhancement,,,Y,H
sc-12.2,SC,enhancement,,,,none
sc-12.3,SC,enhancement,,,,none
sc-12.4,SC,enhancement,,,,none
sc-12.5,SC,enhancement,,,,none
sc-12.6,SC,enhancement,,,,none
sc-13,SC,base,Y,Y,Y,LMH
sc-13.1,SC,enhancement,,,,none
sc-13.2,SC,enhancement,,,,none
sc-13.3,SC,enhancement,,,,none
sc-13.4,SC,enhancement,,,,none
sc-14,SC,base,,,,none
sc-15,SC,base,Y,Y,Y,LMH
sc-15.1,SC,enhancement,,,,none
sc-15.2,SC,enhancement,,,,none
sc-15.3,SC,enhancement,,,,none
sc-15.4,SC,enhancement,,,,none
sc-16,SC,base,,,,none
sc-16.1,SC,enhancement,,,,none
sc-16.2,SC,enhancement,,,,none
sc-16.3,SC,enhancement,,,,none
sc-17,SC,base,,Y,Y,MH
sc-18,SC,base,,Y,Y,MH
sc-18.1,SC,enhancement,,,,none
sc-18.2,SC,enhancement,,,,none
sc-18.3,SC,enhancement,,,,none
sc-18.4,SC,enhancement,,,,none
sc-18.5,SC,enhancement,,,,none
sc-19,SC,base,,,,none
sc-20,SC,base,Y,Y,Y,LMH
sc-20.1,SC,enhancement,,,,none
sc-20.2,SC,enhancement,,,,none
sc-21,SC,base,Y,Y,Y,LMH
sc-21.1,SC,enhancement,,,,none
sc-22,SC,base,Y,Y,Y,LMH
sc-23,SC,base,,Y,Y,MH
sc-23.1,SC,enhancement,,,,none
sc-23.2,SC,enhancement,,,,none
sc-23.3,SC,enhancement,,,,none
sc-23.4,SC,enhancement,,,,none
sc-23.5,SC,enhancement,,,,none
sc-24,SC,base,,,Y,H
sc-25,SC,base,,,,none
sc-26,SC,base,,,,none
sc-26.1,SC,enhancement,,,,none
sc-27,SC,base,,,,none
sc-28,SC,base,,Y,Y,MH
sc-28.1,SC,enhancement,,Y,Y,MH
sc-28.2,SC,enhancement,,,,none
sc-28.3,SC,enhancement,,,,none
sc-29,SC,base,,,,none
sc-29.1,SC,enhancement,,,,none
sc-30,SC,base,,,,none
sc-30.1,SC,enhancement,,,,none
sc-30.2,SC,enhancement,,,,none
sc-30.3,SC,enhancement,,,,none
sc-30.4,SC,enhancement,,,,none
sc-30.5,SC,enhancement,,,,none
sc-31,SC,base,,,,none
sc-31.1,SC,enhancement,,,,none
sc-31.2,SC,enhancement,,,,none
sc-31.3,SC,enhancement,,,,none
sc-32,SC,base,,,,none
sc-32.1,SC,enhancement,,,,none
sc-33,SC,base,,,,none
sc-34,SC,base,,,,none
sc-34.1,SC,enhancement,,,,none
sc-34.2,SC,enhancement,,,,none
sc-34.3,SC,enhancement,,,,none
sc-35,SC,base,,,,none
sc-36,SC,base,,,,none
sc-36.1,SC,enhancement,,,,none
sc-36.2,SC,enhancement,,,,none
sc-37,SC,base,,,,none
sc-37.1,SC,enhancement,,,,none
sc-38,SC,base,,,,none
sc-39,SC,base,Y,Y,Y,LMH
sc-39.1,SC,enhancement,,,,none
sc-39.2,SC,enhancement,,,,none
sc-40,SC,base,,,,none
sc-40.1,SC,enhancement,,,,none
sc-40.2,SC,enhancement,,,,none
sc-40.3,SC,enhancement,,,,none
sc-40.4,SC,enhancement,,,,none
sc-41,SC,base,,,,none
sc-42,SC,base,,,,none
sc-42.1,SC,enhancement,,,,none
sc-42.2,SC,enhancement,,,,none
sc-42.3,SC,enhancement,,,,none
sc-42.4,SC,enhancement,,,,none
sc-42.5,SC,enhancement,,,,none
sc-43,SC,base,,,,none
sc-44,SC,base,,,,none
sc-45,SC,base,,,,none
sc-45.1,SC,enhancement,,,,none
sc-45.2,SC,enhancement,,,,none
sc-46,SC,base,,,,none
sc-47,SC,base,,,,none
sc-48,SC,base,,,,none
sc-48.1,SC,enhancement,,,,none
sc-49,SC,base,,,,none
sc-50,SC,base,,,,none
sc-51,SC,base,,,,none
si-1,SI,base,Y,Y,Y,LMH
si-2,SI,base,Y,Y,Y,LMH
si-2.1,SI,enhancement,,,,none
si-2.2,SI,enhancement,,Y,Y,MH
si-2.3,SI,enhancement,,,,none
si-2.4,SI,enhancement,,,,none
si-2.5,SI,enhancement,,,,none
si-2.6,SI,enhancement,,,,none
si-2.7,SI,enhancement,,,,none
si-3,SI,base,Y,Y,Y,LMH
si-3.1,SI,enhancement,,,,none
si-3.2,SI,enhancement,,,,none
si-3.3,SI,enhancement,,,,none
si-3.4,SI,enhancement,,,,none
si-3.5,SI,enhancement,,,,none
si-3.6,SI,enhancement,,,,none
si-3.7,SI,enhancement,,,,none
si-3.8,SI,enhancement,,,,none
si-3.9,SI,enhancement,,,,none
si-3.10,SI,enhancement,,,,none
si-4,SI,base,Y,Y,Y,LMH
si-4.1,SI,enhancement,,,,none
si-4.2,SI,enhancement,,Y,Y,MH
si-4.3,SI,enhancement,,,,none
si-4.4,SI,enhancement,,Y,Y,MH
si-4.5,SI,enhancement,,Y,Y,MH
si-4.6,SI,enhancement,,,,none
si-4.7,SI,enhancement,,,,none
si-4.8,SI,enhancement,,,,none
si-4.9,SI,enhancement,,,,none
si-4.10,SI,enhancement,,,Y,H
si-4.11,SI,enhancement,,,,none
si-4.12,SI,enhancement,,,Y,H
si-4.13,SI,enhancement,,,,none
si-4.14,SI,enhancement,,,Y,H
si-4.15,SI,enhancement,,,,none
si-4.16,SI,enhancement,,,,none
si-4.17,SI,enhancement,,,,none
si-4.18,SI,enhancement,,,,none
si-4.19,SI,enhancement,,,,none
si-4.20,SI,enhancement,,,Y,H
si-4.21,SI,enhancement,,,,none
si-4.22,SI,enhancement,,,Y,H
si-4.23,SI,enhancement,,,,none
si-4.24,SI,enhancement,,,,none
si-4.25,SI,enhancement,,,,none
si-5,SI,base,Y,Y,Y,LMH
si-5.1,SI,enhancement,,,Y,H
si-6,SI,base,,,Y,H
si-6.1,SI,enhancement,,,,none
si-6.2,SI,enhancement,,,,none
si-6.3,SI,enhancement,,,,none
si-7,SI,base,,Y,Y,MH
si-7.1,SI,enhancement,,Y,Y,MH
si-7.2,SI,enhancement,,,Y,H
si-7.3,SI,enhancement,,,,none
si-7.4,SI,enhancement,,,,none
si-7.5,SI,enhancement,,,Y,H
si-7.6,SI,enhancement,,,,none
si-7.7,SI,enhancement,,Y,Y,MH
si-7.8,SI,enhancement,,,,none
si-7.9,SI,enhancement,,,,none
si-7.10,SI,enhancement,,,,none
si-7.11,SI,enhancement,,,,none
si-7.12,SI,enhancement,,,,none
si-7.13,SI,enhancement,,,,none
si-7.14,SI,enhancement,,,,none
si-7.15,SI,enhancement,,,Y,H
si-7.16,SI,enhancement,,,,none
si-7.17,SI,enhancement,,,,none
si-8,SI,base,,Y,Y,MH
si-8.1,SI,enhancement,,,,none
si-8.2,SI,enhancement,,Y,Y,MH
si-8.3,SI,enhancement,,,,none
si-9,SI,base,,,,none
si-10,SI,base,,Y,Y,MH
si-10.1,SI,enhancement,,,,none
si-10.2,SI,enhancement,,,,none
si-10.3,SI,enhancement,,,,none
si-10.4,SI,enhancement,,,,none
si-10.5,SI,enhancement,,,,none
si-10.6,SI,enhancement,,,,none
si-11,SI,base,,Y,Y,MH
si-12,SI,base,Y,Y,Y,LMH
si-12.1,SI,enhancement,,,,none
si-12.2,SI,enhancement,,,,none
si-12.3,SI,enhancement,,,,none
si-13,SI,base,,,,none
si-13.1,SI,enhancement,,,,none
si-13.2,SI,enhancement,,,,none
si-13.3,SI,enhancement,,,,none
si-13.4,SI,enhancement,,,,none
si-13.5,SI,enhancement,,,,none
si-14,SI,base,,,,none
si-14.1,SI,enhancement,,,,none
si-14.2,SI,enhancement,,,,none
si-14.3,SI,enhancement,,,,none
si-15,SI,base,,,,none
si-16,SI,base,,Y,Y,MH
si-17,SI,base,,,,none
si-18,SI,base,,,,none
si-18.1,SI,enhancement,,,,none
si-18.2,SI,enhancement,,,,none
si-18.3,SI,enhancement,,,,none
si-18.4,SI,enhancement,,,,none
si-18.5,SI,enhancement,,,,none
si-19,SI,base,,,,none
si-19.1,SI,enhancement,,,,none
si-19.2,SI,enhancement,,,,none
si-19.3,SI,enhancement,,,,none
si-19.4,SI,enhancement,,,,none
si-19.5,SI,enhancement,,,,none
si-19.6,SI,enhancement,,,,none
si-19.7,SI,enhancement,,,,none
si-19.8,SI,enhancement,,,,none
si-20,SI,base,,,,none
si-21,SI,base,,,,none
si-22,SI,base,,,,none
si-23,SI,base,,,,none
sr-1,SR,base,Y,Y,Y,LMH
sr-2,SR,base,Y,Y,Y,LMH
sr-2.1,SR,enhancement,Y,Y,Y,LMH
sr-3,SR,base,Y,Y,Y,LMH
sr-3.1,SR,enhancement,,,,none
sr-3.2,SR,enhancement,,,,none
sr-3.3,SR,enhancement,,,,none
sr-4,SR,base,,,,none
sr-4.1,SR,enhancement,,,,none
sr-4.2,SR,enhancement,,,,none
sr-4.3,SR,enhancement,,,,none
sr-4.4,SR,enhancement,,,,none
sr-5,SR,base,Y,Y,Y,LMH
sr-5.1,SR,enhancement,,,,none
sr-5.2,SR,enhancement,,,,none
sr-6,SR,base,,Y,Y,MH
sr-6.1,SR,enhancement,,,,none
sr-7,SR,base,,,,none
sr-8,SR,base,Y,Y,Y,LMH
sr-9,SR,base,,,Y,H
sr-9.1,SR,enhancement,,,Y,H
sr-10,SR,base,Y,Y,Y,LMH
sr-11,SR,base,Y,Y,Y,LMH
sr-11.1,SR,enhancement,Y,Y,Y,LMH
sr-11.2,SR,enhancement,Y,Y,Y,LMH
sr-11.3,SR,enhancement,,,,none
sr-12,SR,base,Y,Y,Y,LMH
